,gates,n_gates,sizes,seed_offset,perfect_circuits,loss_target,learning_rate,depth,weights,l1_lambda,l2_lambda,dropout_rate,convergence_epochs,convergence_circuit_counts,convergence_avg_sparsities,convergence_total_circuits,convergence_train_losses,convergence_val_losses
0,XOR,1,3,0,[15],0.01,0.001,2,,0.0,0.0,0.0,"[1, 2, 3, 4, 5, 6, 7, 8, 9, 10, 11, 12, 13, 14, 15, 16, 17, 18, 19, 20, 21, 22, 23, 24, 25, 26, 27, 28, 29, 30]","[[0], [0], [0], [0], [0], [0], [0], [0], [0], [0], [0], [0], [0], [0], [0], [0], [0], [0], [0], [0], [26], [26], [22], [22], [25], [15], [15], [15], [15], [15]]","[[0.0], [0.0], [0.0], [0.0], [0.0], [0.0], [0.0], [0.0], [0.0], [0.0], [0.0], [0.0], [0.0], [0.0], [0.0], [0.0], [0.0], [0.0], [0.0], [0.0], [np.float64(0.1794871794871795)], [np.float64(0.1794871794871795)], [np.float64(0.1742424242424242)], [np.float64(0.1742424242424242)], [np.float64(0.1733333333333333)], [np.float64(0.16666666666666663)], [np.float64(0.16666666666666663)], [np.float64(0.16666666666666663)], [np.float64(0.16666666666666663)], [np.float64(0.16666666666666663)]]","[0, 0, 0, 0, 0, 0, 0, 0, 0, 0, 0, 0, 0, 0, 0, 0, 0, 0, 0, 0, 26, 26, 22, 22, 25, 15, 15, 15, 15, 15]","[np.float64(0.4491502918303013), np.float64(0.37141463682055476), np.float64(0.30630632787942885), np.float64(0.25902285389602187), np.float64(0.23069803975522518), np.float64(0.21613695695996285), np.float64(0.2020081240683794), np.float64(0.18086499460041522), np.float64(0.1699518121778965), np.float64(0.1634620413184166), np.float64(0.1599049696698785), np.float64(0.15753909163177013), np.float64(0.15537184700369835), np.float64(0.15315447505563498), np.float64(0.15066057685762643), np.float64(0.14772117286920547), np.float64(0.14437773991376163), np.float64(0.1404088342562318), np.float64(0.1358088206499815), np.float64(0.13021318167448043), np.float64(0.11969895623624324), np.float64(0.10782385151833296), np.float64(0.09495613258332014), np.float64(0.0806628430262208), np.float64(0.06518251178786158), np.float64(0.04919791920110583), np.float64(0.03365822811610997), np.float64(0.020441057439893485), np.float64(0.011297890974674374), np.float64(0.006671669543720782)]","[0.403551310300827, 0.3353269100189209, 0.28309914469718933, 0.24851365387439728, 0.23106861114501953, 0.21983881294727325, 0.20119011402130127, 0.18723398447036743, 0.1794261932373047, 0.17476709187030792, 0.17211996018886566, 0.16986890137195587, 0.16765011847019196, 0.1651696115732193, 0.1622311919927597, 0.1589086502790451, 0.15495100617408752, 0.1503922939300537, 0.1451859176158905, 0.13670197129249573, 0.12423200905323029, 0.1111404225230217, 0.09634298086166382, 0.0801100805401802, 0.06273765861988068, 0.04513014853000641, 0.029148638248443604, 0.01643509976565838, 0.009335124865174294, 0.005697381682693958]"
1,XOR,1,3,1,[102],0.01,0.001,2,,0.0,0.0,0.0,"[1, 2, 3, 4, 5, 6, 7, 8, 9, 10, 11, 12, 13, 14, 15, 16, 17, 18, 19, 20, 21, 22, 23, 24, 25, 26, 27, 28, 29, 30]","[[0], [0], [0], [0], [0], [0], [0], [0], [0], [0], [0], [0], [0], [0], [0], [0], [0], [20], [20], [34], [61], [63], [72], [78], [95], [97], [103], [103], [103], [102]]","[[0.0], [0.0], [0.0], [0.0], [0.0], [0.0], [0.0], [0.0], [0.0], [0.0], [0.0], [0.0], [0.0], [0.0], [0.0], [0.0], [0.0], [np.float64(0.1833333333333333)], [np.float64(0.1833333333333333)], [np.float64(0.18137254901960786)], [np.float64(0.19125683060109283)], [np.float64(0.1957671957671957)], [np.float64(0.19212962962962965)], [np.float64(0.19017094017094013)], [np.float64(0.1877192982456141)], [np.float64(0.1872852233676976)], [np.float64(0.1860841423948221)], [np.float64(0.1860841423948221)], [np.float64(0.1860841423948221)], [np.float64(0.18627450980392163)]]","[0, 0, 0, 0, 0, 0, 0, 0, 0, 0, 0, 0, 0, 0, 0, 0, 0, 20, 20, 34, 61, 63, 72, 78, 95, 97, 103, 103, 103, 102]","[np.float64(0.9682934433221817), np.float64(0.8305016964673996), np.float64(0.7221395984292031), np.float64(0.6335508473217487), np.float64(0.5583520472049713), np.float64(0.4763836354017258), np.float64(0.37953666374087336), np.float64(0.30642455369234084), np.float64(0.2624435741454363), np.float64(0.24190994612872602), np.float64(0.23005139790475368), np.float64(0.21842148676514625), np.float64(0.20877602323889732), np.float64(0.20050584077835082), np.float64(0.19227715469896794), np.float64(0.1839766815304756), np.float64(0.17553452178835868), np.float64(0.1668470971286297), np.float64(0.15679104626178741), np.float64(0.1461518382653594), np.float64(0.1360559154301882), np.float64(0.1254585748538375), np.float64(0.11062380336225033), np.float64(0.09353227484971285), np.float64(0.07433081865310669), np.float64(0.054566085897386075), np.float64(0.03627481614239514), np.float64(0.02150380117818713), np.float64(0.011310026864521205), np.float64(0.0052885910554323345)]","[0.8743317723274231, 0.7554487586021423, 0.6593505144119263, 0.5794858336448669, 0.5082560777664185, 0.4150470793247223, 0.3296932876110077, 0.27257949113845825, 0.24416399002075195, 0.23146472871303558, 0.22093696892261505, 0.21061812341213226, 0.2030278444290161, 0.19581711292266846, 0.18850332498550415, 0.18093463778495789, 0.1731073409318924, 0.1644778698682785, 0.15444675087928772, 0.14455769956111908, 0.1348128616809845, 0.12261927127838135, 0.10634640604257584, 0.08762693405151367, 0.06722735613584518, 0.047077078372240067, 0.02950247935950756, 0.016523748636245728, 0.008107068948447704, 0.003567740321159363]"
2,XOR,1,3,2,[85],0.01,0.001,2,,0.0,0.0,0.0,"[1, 2, 3, 4, 5, 6, 7, 8, 9, 10, 11, 12, 13, 14, 15, 16, 17, 18, 19, 20, 21, 22, 23, 24, 25, 26, 27, 28, 29, 30, 31, 32, 33, 34, 35, 36, 37, 38, 39, 40, 41]","[[0], [0], [0], [0], [0], [0], [0], [0], [0], [0], [0], [0], [40], [85], [85], [85], [85], [40], [0], [0], [0], [0], [0], [0], [0], [0], [0], [0], [0], [85], [85], [85], [85], [85], [85], [85], [85], [85], [85], [85], [85]]","[[0.0], [0.0], [0.0], [0.0], [0.0], [0.0], [0.0], [0.0], [0.0], [0.0], [0.0], [0.0], [np.float64(0.19999999999999998)], [np.float64(0.18823529411764703)], [np.float64(0.18823529411764703)], [np.float64(0.18823529411764703)], [np.float64(0.18823529411764703)], [np.float64(0.19999999999999998)], [0.0], [0.0], [0.0], [0.0], [0.0], [0.0], [0.0], [0.0], [0.0], [0.0], [0.0], [np.float64(0.18823529411764703)], [np.float64(0.18823529411764703)], [np.float64(0.18823529411764703)], [np.float64(0.18823529411764703)], [np.float64(0.18823529411764703)], [np.float64(0.18823529411764703)], [np.float64(0.18823529411764703)], [np.float64(0.18823529411764703)], [np.float64(0.18823529411764703)], [np.float64(0.18823529411764703)], [np.float64(0.18823529411764703)], [np.float64(0.18823529411764703)]]","[0, 0, 0, 0, 0, 0, 0, 0, 0, 0, 0, 0, 40, 85, 85, 85, 85, 40, 0, 0, 0, 0, 0, 0, 0, 0, 0, 0, 0, 85, 85, 85, 85, 85, 85, 85, 85, 85, 85, 85, 85]","[np.float64(0.5528366521000863), np.float64(0.49124118536710737), np.float64(0.43854147642850877), np.float64(0.38951284289360044), np.float64(0.3439199835062027), np.float64(0.30448120050132277), np.float64(0.27532318234443665), np.float64(0.2583340682089329), np.float64(0.2508263040333986), np.float64(0.246892286837101), np.float64(0.24384566769003868), np.float64(0.2404796689748764), np.float64(0.23675599545240403), np.float64(0.23255569860339165), np.float64(0.22796596884727477), np.float64(0.22290929704904555), np.float64(0.2172722540795803), np.float64(0.21116889528930188), np.float64(0.20460159629583358), np.float64(0.1975124217569828), np.float64(0.18995528109371662), np.float64(0.182100472971797), np.float64(0.1739149808883667), np.float64(0.16548974327743055), np.float64(0.15681175626814364), np.float64(0.14783965609967709), np.float64(0.13839272167533637), np.float64(0.128403096832335), np.float64(0.11773314643651248), np.float64(0.10636720471084118), np.float64(0.09429065901786089), np.float64(0.08170392028987408), np.float64(0.06888290047645569), np.float64(0.057161903474479914), np.float64(0.046943312883377074), np.float64(0.037744229473173616), np.float64(0.02965032383799553), np.float64(0.0227182406000793), np.float64(0.016989535256288945), np.float64(0.012358116963878275), np.float64(0.008769771247170866)]","[0.5340564250946045, 0.4767186641693115, 0.424694687128067, 0.37540820240974426, 0.33022910356521606, 0.2931051254272461, 0.2682742774486542, 0.2550725042819977, 0.2488255500793457, 0.24541865289211273, 0.24193163216114044, 0.2385977953672409, 0.23451435565948486, 0.23025040328502655, 0.22549059987068176, 0.2203272581100464, 0.21450893580913544, 0.20827971398830414, 0.20146504044532776, 0.19434428215026855, 0.18676099181175232, 0.17886315286159515, 0.17067262530326843, 0.16222283244132996, 0.15335844457149506, 0.14418117702007294, 0.13449251651763916, 0.12406869232654572, 0.11294379085302353, 0.10120373964309692, 0.0887349396944046, 0.07573418319225311, 0.06294148415327072, 0.05212388560175896, 0.04233289882540703, 0.033686619251966476, 0.026043280959129333, 0.01972091570496559, 0.014466955326497555, 0.010443891398608685, 0.007294964976608753]"
3,XOR,1,3,3,[114],0.01,0.001,2,,0.0,0.0,0.0,"[1, 2, 3, 4, 5, 6, 7, 8, 9, 10, 11, 12, 13, 14, 15, 16, 17, 18, 19, 20, 21, 22, 23, 24, 25, 26, 27, 28, 29, 30, 31]","[[0], [0], [0], [0], [0], [0], [0], [0], [0], [0], [37], [81], [89], [50], [21], [21], [21], [45], [77], [75], [75], [73], [73], [73], [73], [71], [105], [119], [115], [115], [114]]","[[0.0], [0.0], [0.0], [0.0], [0.0], [0.0], [0.0], [0.0], [0.0], [0.0], [np.float64(0.20270270270270271)], [np.float64(0.18724279835390945)], [np.float64(0.19288389513108617)], [np.float64(0.18999999999999997)], [np.float64(0.16666666666666663)], [np.float64(0.16666666666666663)], [np.float64(0.16666666666666663)], [np.float64(0.19259259259259254)], [np.float64(0.1818181818181818)], [np.float64(0.1822222222222222)], [np.float64(0.1822222222222222)], [np.float64(0.18264840182648404)], [np.float64(0.18264840182648404)], [np.float64(0.18264840182648404)], [np.float64(0.18264840182648404)], [np.float64(0.1877934272300469)], [np.float64(0.18888888888888888)], [np.float64(0.1862745098039216)], [np.float64(0.18695652173913044)], [np.float64(0.18695652173913044)], [np.float64(0.1871345029239766)]]","[0, 0, 0, 0, 0, 0, 0, 0, 0, 0, 37, 81, 89, 50, 21, 21, 21, 45, 77, 75, 75, 73, 73, 73, 73, 71, 105, 119, 115, 115, 114]","[np.float64(0.947366826236248), np.float64(0.7129413336515427), np.float64(0.5619975842535496), np.float64(0.4605433188378811), np.float64(0.38397927582263947), np.float64(0.32208351790905), np.float64(0.27005264312028887), np.float64(0.2372862569987774), np.float64(0.21258682757616043), np.float64(0.1910745058208704), np.float64(0.1716444417834282), np.float64(0.15381210185587407), np.float64(0.13829942755401134), np.float64(0.1249086819589138), np.float64(0.1133408647030592), np.float64(0.10323248822242022), np.float64(0.09400840755552053), np.float64(0.08547163838520647), np.float64(0.07726242169737815), np.float64(0.06924270763993264), np.float64(0.06141872061416507), np.float64(0.053714915085583924), np.float64(0.04632202032953501), np.float64(0.03942589676007628), np.float64(0.03303345502354205), np.float64(0.027193195512518288), np.float64(0.021932159760035576), np.float64(0.017361561208963393), np.float64(0.013430127245374023), np.float64(0.010160871536936612), np.float64(0.007536551356315613)]","[0.8501724600791931, 0.6634379625320435, 0.5385114550590515, 0.44597816467285156, 0.3763929009437561, 0.3099086880683899, 0.26742011308670044, 0.23885861039161682, 0.2155187875032425, 0.1961282640695572, 0.17769034206867218, 0.16225291788578033, 0.14860385656356812, 0.13657215237617493, 0.12578418850898743, 0.11574526131153107, 0.1061786636710167, 0.09662599861621857, 0.08714454621076584, 0.07805689424276352, 0.068689726293087, 0.05949683114886284, 0.05104658752679825, 0.04322539642453194, 0.035917770117521286, 0.029112551361322403, 0.023328470066189766, 0.0181420911103487, 0.013933193869888783, 0.010412652045488358, 0.007644472178071737]"
4,XOR,1,3,4,[52],0.01,0.001,2,,0.0,0.0,0.0,"[1, 2, 3, 4, 5, 6, 7, 8, 9, 10, 11, 12, 13, 14, 15, 16, 17, 18, 19]","[[0], [0], [0], [37], [49], [56], [60], [58], [61], [58], [58], [54], [54], [53], [53], [53], [54], [54], [52]]","[[0.0], [0.0], [0.0], [np.float64(0.1891891891891892)], [np.float64(0.19387755102040813)], [np.float64(0.19047619047619047)], [np.float64(0.18888888888888883)], [np.float64(0.18965517241379307)], [np.float64(0.18852459016393436)], [np.float64(0.18965517241379307)], [np.float64(0.18965517241379307)], [np.float64(0.19135802469135793)], [np.float64(0.19135802469135793)], [np.float64(0.1918238993710691)], [np.float64(0.1918238993710691)], [np.float64(0.1918238993710691)], [np.float64(0.19135802469135793)], [np.float64(0.19135802469135793)], [np.float64(0.19230769230769224)]]","[0, 0, 0, 37, 49, 56, 60, 58, 61, 58, 58, 54, 54, 53, 53, 53, 54, 54, 52]","[np.float64(0.25357820875942705), np.float64(0.24724982716143132), np.float64(0.24325017146766187), np.float64(0.23633199967443944), np.float64(0.22670247741043567), np.float64(0.21370067596435546), np.float64(0.19754502177238464), np.float64(0.1791132666170597), np.float64(0.1588310208171606), np.float64(0.1373048923909664), np.float64(0.1154905816540122), np.float64(0.09446714129298925), np.float64(0.07480574194341898), np.float64(0.05718102194368839), np.float64(0.042290289886295795), np.float64(0.03033275785855949), np.float64(0.02114268708974123), np.float64(0.014403708116151392), np.float64(0.009653658117167651)]","[0.2479114979505539, 0.24397020041942596, 0.2383391112089157, 0.22918637096881866, 0.21793007850646973, 0.20308943092823029, 0.18581505119800568, 0.1663718819618225, 0.14536724984645844, 0.12337296456098557, 0.10190271586179733, 0.081192247569561, 0.06263076514005661, 0.04643974080681801, 0.03320327401161194, 0.02297239564359188, 0.015480220317840576, 0.01022996474057436, 0.006676985416561365]"
5,XOR,1,3,5,[26],0.01,0.001,2,,0.0,0.0,0.0,"[1, 2, 3, 4, 5, 6, 7, 8, 9, 10, 11, 12, 13, 14, 15, 16, 17, 18, 19, 20, 21, 22, 23, 24, 25, 26]","[[0], [0], [0], [0], [0], [0], [0], [0], [0], [0], [0], [0], [0], [0], [0], [0], [0], [0], [48], [52], [52], [52], [52], [32], [28], [26]]","[[0.0], [0.0], [0.0], [0.0], [0.0], [0.0], [0.0], [0.0], [0.0], [0.0], [0.0], [0.0], [0.0], [0.0], [0.0], [0.0], [0.0], [0.0], [np.float64(0.17708333333333334)], [np.float64(0.17948717948717943)], [np.float64(0.17948717948717943)], [np.float64(0.17948717948717943)], [np.float64(0.17948717948717943)], [np.float64(0.17708333333333331)], [np.float64(0.1785714285714286)], [np.float64(0.1794871794871795)]]","[0, 0, 0, 0, 0, 0, 0, 0, 0, 0, 0, 0, 0, 0, 0, 0, 0, 0, 48, 52, 52, 52, 52, 32, 28, 26]","[np.float64(0.25056170113384724), np.float64(0.24258289188146592), np.float64(0.23324684649705887), np.float64(0.22176303751766682), np.float64(0.20877385698258877), np.float64(0.19525730460882187), np.float64(0.1840881459414959), np.float64(0.17628362216055393), np.float64(0.1707162145525217), np.float64(0.167041439935565), np.float64(0.1648102793842554), np.float64(0.16288876980543138), np.float64(0.16068180743604898), np.float64(0.1576924931257963), np.float64(0.15336299389600755), np.float64(0.14721097182482482), np.float64(0.13902874048799277), np.float64(0.12878668308258057), np.float64(0.11661508847028017), np.float64(0.10281145218759775), np.float64(0.08497762493789196), np.float64(0.06418883856385946), np.float64(0.044570282893255354), np.float64(0.02770535573363304), np.float64(0.015125735034234821), np.float64(0.007080652168951929)]","[0.24318383634090424, 0.2339586764574051, 0.22238801419734955, 0.208218052983284, 0.19265539944171906, 0.1779039353132248, 0.16756360232830048, 0.15985539555549622, 0.15441687405109406, 0.15083840489387512, 0.1486748605966568, 0.14683036506175995, 0.14422467350959778, 0.14057384431362152, 0.1357758343219757, 0.12921589612960815, 0.1209367886185646, 0.11061806976795197, 0.09876874834299088, 0.08557084202766418, 0.06625556200742722, 0.04789494723081589, 0.031142372637987137, 0.018069429323077202, 0.00906891655176878, 0.003931032959371805]"
6,XOR,1,3,6,[10],0.01,0.001,2,,0.0,0.0,0.0,"[1, 2, 3, 4, 5, 6, 7, 8, 9, 10, 11, 12, 13, 14, 15, 16, 17, 18, 19, 20, 21, 22, 23, 24, 25, 26, 27, 28]","[[0], [0], [0], [0], [0], [0], [0], [0], [0], [0], [0], [0], [0], [0], [0], [20], [21], [30], [34], [21], [21], [21], [21], [18], [10], [10], [10], [10]]","[[0.0], [0.0], [0.0], [0.0], [0.0], [0.0], [0.0], [0.0], [0.0], [0.0], [0.0], [0.0], [0.0], [0.0], [0.0], [np.float64(0.17499999999999996)], [np.float64(0.17460317460317457)], [np.float64(0.17222222222222225)], [np.float64(0.17156862745098042)], [np.float64(0.16666666666666663)], [np.float64(0.16666666666666663)], [np.float64(0.16666666666666663)], [np.float64(0.16666666666666663)], [np.float64(0.16666666666666663)], [np.float64(0.16666666666666669)], [np.float64(0.16666666666666669)], [np.float64(0.16666666666666669)], [np.float64(0.16666666666666669)]]","[0, 0, 0, 0, 0, 0, 0, 0, 0, 0, 0, 0, 0, 0, 0, 20, 21, 30, 34, 21, 21, 21, 21, 18, 10, 10, 10, 10]","[np.float64(0.35292112454771996), np.float64(0.30304800644516944), np.float64(0.26962984129786494), np.float64(0.25653403885662557), np.float64(0.24761272668838502), np.float64(0.23908276818692684), np.float64(0.23088698796927928), np.float64(0.22360428087413312), np.float64(0.2165599126368761), np.float64(0.20887614376842975), np.float64(0.20028079226613044), np.float64(0.19036276303231717), np.float64(0.17862652130424977), np.float64(0.1642892077565193), np.float64(0.14662205185741187), np.float64(0.12482947297394276), np.float64(0.10086507890373468), np.float64(0.08240885343402624), np.float64(0.06832408355548977), np.float64(0.05697274301201105), np.float64(0.047383145149797204), np.float64(0.03877267586067319), np.float64(0.03126468416303396), np.float64(0.0249000808224082), np.float64(0.019691525725647807), np.float64(0.01549503298010677), np.float64(0.012177207530476153), np.float64(0.009571293892804533)]","[0.36208638548851013, 0.2899130582809448, 0.2574020028114319, 0.24692402780056, 0.24036486446857452, 0.23522186279296875, 0.22994618117809296, 0.22342076897621155, 0.21850693225860596, 0.2127157747745514, 0.2036334127187729, 0.19633245468139648, 0.1838245838880539, 0.16765740513801575, 0.14815695583820343, 0.1218576431274414, 0.10073020309209824, 0.08434825390577316, 0.07075722515583038, 0.058752622455358505, 0.04776693135499954, 0.03802685812115669, 0.02970326505601406, 0.02307193912565708, 0.01771148294210434, 0.013681592419743538, 0.010577300563454628, 0.008180934935808182]"
7,XOR,1,3,8,[34],0.01,0.001,2,,0.0,0.0,0.0,"[1, 2, 3, 4, 5, 6, 7, 8, 9, 10, 11, 12, 13, 14, 15, 16, 17, 18, 19, 20, 21]","[[0], [0], [0], [0], [0], [0], [0], [0], [0], [14], [30], [30], [30], [30], [30], [30], [30], [36], [36], [34], [34]]","[[0.0], [0.0], [0.0], [0.0], [0.0], [0.0], [0.0], [0.0], [0.0], [np.float64(0.16666666666666666)], [np.float64(0.17777777777777784)], [np.float64(0.17777777777777784)], [np.float64(0.17777777777777784)], [np.float64(0.17777777777777784)], [np.float64(0.17777777777777784)], [np.float64(0.17777777777777784)], [np.float64(0.17777777777777784)], [np.float64(0.17592592592592593)], [np.float64(0.17592592592592593)], [np.float64(0.17647058823529413)], [np.float64(0.17647058823529413)]]","[0, 0, 0, 0, 0, 0, 0, 0, 0, 14, 30, 30, 30, 30, 30, 30, 30, 36, 36, 34, 34]","[np.float64(0.27038278691470624), np.float64(0.2601560026407242), np.float64(0.25352475307881833), np.float64(0.2509052731096745), np.float64(0.25033947452902794), np.float64(0.24966508485376834), np.float64(0.24889927171170712), np.float64(0.2477295335382223), np.float64(0.245785965770483), np.float64(0.23770684823393823), np.float64(0.2234010498970747), np.float64(0.20181469507515432), np.float64(0.17507536374032498), np.float64(0.1491828415542841), np.float64(0.12544845640659333), np.float64(0.10405530650168657), np.float64(0.08473531473428011), np.float64(0.05412504430860281), np.float64(0.026743417745456098), np.float64(0.014066103124059736), np.float64(0.006516531063243747)]","[0.2400483638048172, 0.23848800361156464, 0.24103255569934845, 0.2441737949848175, 0.24504850804805756, 0.2450522929430008, 0.24375271797180176, 0.24331457912921906, 0.24064421653747559, 0.23059462010860443, 0.21493403613567352, 0.19227483868598938, 0.17022433876991272, 0.1474236100912094, 0.12465031445026398, 0.10345349460840225, 0.08061017096042633, 0.03883029893040657, 0.022475751116871834, 0.011293716728687286, 0.004684033803641796]"
8,XOR,1,3,9,[13],0.01,0.001,2,,0.0,0.0,0.0,"[1, 2, 3, 4, 5, 6, 7, 8, 9, 10, 11, 12, 13, 14, 15, 16, 17, 18, 19, 20, 21, 22, 23, 24, 25]","[[0], [0], [0], [0], [0], [0], [0], [0], [0], [2], [7], [12], [14], [14], [16], [17], [17], [18], [18], [15], [15], [13], [13], [13], [13]]","[[0.0], [0.0], [0.0], [0.0], [0.0], [0.0], [0.0], [0.0], [0.0], [np.float64(0.16666666666666666)], [np.float64(0.16666666666666666)], [np.float64(0.16666666666666666)], [np.float64(0.16666666666666666)], [np.float64(0.16666666666666666)], [np.float64(0.16666666666666666)], [np.float64(0.16666666666666666)], [np.float64(0.16666666666666666)], [np.float64(0.16666666666666663)], [np.float64(0.16666666666666663)], [np.float64(0.16666666666666663)], [np.float64(0.16666666666666663)], [np.float64(0.16666666666666666)], [np.float64(0.16666666666666666)], [np.float64(0.16666666666666666)], [np.float64(0.16666666666666666)]]","[0, 0, 0, 0, 0, 0, 0, 0, 0, 2, 7, 12, 14, 14, 16, 17, 17, 18, 18, 15, 15, 13, 13, 13, 13]","[np.float64(0.350384608656168), np.float64(0.2808620598167181), np.float64(0.2546309109777212), np.float64(0.24680644683539868), np.float64(0.2412115104496479), np.float64(0.23601352907717227), np.float64(0.23068010285496712), np.float64(0.22438546568155288), np.float64(0.21679924465715886), np.float64(0.20752682983875276), np.float64(0.1965315543115139), np.float64(0.1837924163788557), np.float64(0.1697669882327318), np.float64(0.15494083650410176), np.float64(0.13978775665163995), np.float64(0.12456477843225003), np.float64(0.10630927439779043), np.float64(0.08715351857244968), np.float64(0.07072553671896457), np.float64(0.05243084775283933), np.float64(0.037269828282296656), np.float64(0.02573474757373333), np.float64(0.017222863412462174), np.float64(0.01115938276052475), np.float64(0.007008805999066681)]","[0.2992665469646454, 0.256195068359375, 0.24657408893108368, 0.2418215125799179, 0.2367175817489624, 0.2319120615720749, 0.22628198564052582, 0.21951232850551605, 0.21113286912441254, 0.20102666318416595, 0.18974249064922333, 0.1760590821504593, 0.16160152852535248, 0.1465815156698227, 0.13162079453468323, 0.11662843078374863, 0.09534511715173721, 0.07938802242279053, 0.061962783336639404, 0.04493223875761032, 0.0317932590842247, 0.021774131804704666, 0.014403685927391052, 0.00924918707460165, 0.005778557155281305]"
9,XOR,1,3,10,[35],0.01,0.001,2,,0.0,0.0,0.0,"[1, 2, 3, 4, 5, 6, 7, 8, 9, 10, 11, 12, 13, 14, 15, 16, 17, 18, 19, 20, 21, 22, 23, 24, 25, 26, 27, 28, 29, 30, 31, 32, 33, 34, 35, 36, 37, 38, 39, 40, 41, 42, 43, 44, 45, 46, 47, 48, 49, 50, 51, 52, 53, 54, 55, 56, 57, 58, 59, 60, 61, 62, 63, 64, 65, 66, 67, 68]","[[0], [0], [0], [0], [0], [0], [0], [0], [0], [0], [0], [0], [0], [0], [0], [0], [0], [0], [0], [0], [0], [0], [0], [0], [0], [0], [0], [0], [0], [0], [0], [0], [0], [0], [0], [0], [0], [0], [0], [0], [0], [0], [0], [0], [0], [0], [0], [0], [0], [0], [10], [14], [20], [18], [20], [18], [30], [20], [18], [23], [18], [20], [27], [28], [28], [28], [34], [35]]","[[0.0], [0.0], [0.0], [0.0], [0.0], [0.0], [0.0], [0.0], [0.0], [0.0], [0.0], [0.0], [0.0], [0.0], [0.0], [0.0], [0.0], [0.0], [0.0], [0.0], [0.0], [0.0], [0.0], [0.0], [0.0], [0.0], [0.0], [0.0], [0.0], [0.0], [0.0], [0.0], [0.0], [0.0], [0.0], [0.0], [0.0], [0.0], [0.0], [0.0], [0.0], [0.0], [0.0], [0.0], [0.0], [0.0], [0.0], [0.0], [0.0], [0.0], [np.float64(0.18333333333333335)], [np.float64(0.16666666666666666)], [np.float64(0.16666666666666663)], [np.float64(0.16666666666666663)], [np.float64(0.16666666666666663)], [np.float64(0.16666666666666663)], [np.float64(0.17777777777777784)], [np.float64(0.16666666666666663)], [np.float64(0.16666666666666663)], [np.float64(0.1666666666666666)], [np.float64(0.16666666666666663)], [np.float64(0.16666666666666663)], [np.float64(0.17283950617283952)], [np.float64(0.17261904761904764)], [np.float64(0.17261904761904764)], [np.float64(0.17261904761904764)], [np.float64(0.17156862745098042)], [np.float64(0.1761904761904762)]]","[0, 0, 0, 0, 0, 0, 0, 0, 0, 0, 0, 0, 0, 0, 0, 0, 0, 0, 0, 0, 0, 0, 0, 0, 0, 0, 0, 0, 0, 0, 0, 0, 0, 0, 0, 0, 0, 0, 0, 0, 0, 0, 0, 0, 0, 0, 0, 0, 0, 0, 10, 14, 20, 18, 20, 18, 30, 20, 18, 23, 18, 20, 27, 28, 28, 28, 34, 35]","[np.float64(1.5117914199829101), np.float64(1.2996597170829773), np.float64(1.2019838973879815), np.float64(1.1293955728411675), np.float64(1.0603477999567985), np.float64(0.995445442199707), np.float64(0.9338498890399933), np.float64(0.8760456830263138), np.float64(0.8217009902000427), np.float64(0.7706985116004944), np.float64(0.7230158269405365), np.float64(0.6785597547888755), np.float64(0.6369213119149209), np.float64(0.5983967684209347), np.float64(0.5623371385037899), np.float64(0.5292873382568359), np.float64(0.4985037945210934), np.float64(0.4701789490878582), np.float64(0.44413821771740913), np.float64(0.4203296184539795), np.float64(0.39857145622372625), np.float64(0.37884566485881804), np.float64(0.3608931005001068), np.float64(0.34487258493900297), np.float64(0.33049354180693624), np.float64(0.31770141422748566), np.float64(0.3064674735069275), np.float64(0.29662187322974204), np.float64(0.28811335749924183), np.float64(0.28076562732458116), np.float64(0.27458395771682265), np.float64(0.2693345133215189), np.float64(0.2650262799113989), np.float64(0.261455450206995), np.float64(0.2585871394723654), np.float64(0.25620696134865284), np.float64(0.25436276718974116), np.float64(0.25286084823310373), np.float64(0.2516362626105547), np.float64(0.25064952559769155), np.float64(0.24982571378350257), np.float64(0.24911506995558738), np.float64(0.24846767410635948), np.float64(0.2478781271725893), np.float64(0.24729774631559848), np.float64(0.2434907119721174), np.float64(0.227702247351408), np.float64(0.21177349388599395), np.float64(0.19754667356610298), np.float64(0.18689795583486557), np.float64(0.17884609177708627), np.float64(0.17159951850771904), np.float64(0.16374754086136817), np.float64(0.1545555830001831), np.float64(0.14348194114863871), np.float64(0.12992272824048995), np.float64(0.11505065150558949), np.float64(0.09882072266191244), np.float64(0.08271381165832281), np.float64(0.06815376542508603), np.float64(0.05496276132762432), np.float64(0.04390233112499118), np.float64(0.034708840399980546), np.float64(0.027133248513564467), np.float64(0.020991100743412972), np.float64(0.01616604528389871), np.float64(0.012163112265989184), np.float64(0.009087916370481253)]","[1.313788652420044, 1.1734199523925781, 1.1007779836654663, 1.032426118850708, 0.9683060646057129, 0.9069314002990723, 0.8498997092247009, 0.7962896227836609, 0.7460685968399048, 0.6992616653442383, 0.6554799675941467, 0.6144070029258728, 0.5766445994377136, 0.5413104295730591, 0.5093016028404236, 0.47911855578422546, 0.4516196846961975, 0.42646870017051697, 0.40356436371803284, 0.38266652822494507, 0.3637324869632721, 0.3465734124183655, 0.3314935863018036, 0.3178783059120178, 0.30588626861572266, 0.2955189645290375, 0.2864678204059601, 0.2787141501903534, 0.2721080780029297, 0.2666935622692108, 0.26213666796684265, 0.25854361057281494, 0.25560498237609863, 0.25332069396972656, 0.2515399158000946, 0.2502865493297577, 0.24930420517921448, 0.2485627382993698, 0.24802593886852264, 0.24760273098945618, 0.247244194149971, 0.24691982567310333, 0.2465895712375641, 0.24625878036022186, 0.24588000774383545, 0.23152732849121094, 0.216582253575325, 0.20035846531391144, 0.18754184246063232, 0.17883086204528809, 0.1720052808523178, 0.1652628481388092, 0.15689091384410858, 0.147419273853302, 0.1345466822385788, 0.12070222198963165, 0.10463696718215942, 0.08790085464715958, 0.07257886230945587, 0.058565061539411545, 0.04690767452120781, 0.03696555644273758, 0.02901018224656582, 0.022494470700621605, 0.017317239195108414, 0.01314887311309576, 0.00986349955201149, 0.007297212723642588]"
10,XOR,1,3,11,[89],0.01,0.001,2,,0.0,0.0,0.0,"[1, 2, 3, 4, 5, 6, 7, 8, 9, 10, 11, 12, 13, 14, 15, 16, 17, 18, 19, 20, 21, 22, 23, 24, 25]","[[0], [0], [0], [0], [0], [0], [0], [0], [0], [0], [0], [0], [0], [0], [0], [0], [0], [0], [5], [24], [51], [74], [135], [135], [89]]","[[0.0], [0.0], [0.0], [0.0], [0.0], [0.0], [0.0], [0.0], [0.0], [0.0], [0.0], [0.0], [0.0], [0.0], [0.0], [0.0], [0.0], [0.0], [np.float64(0.19999999999999998)], [np.float64(0.18055555555555555)], [np.float64(0.18300653594771235)], [np.float64(0.18693693693693691)], [np.float64(0.18518518518518515)], [np.float64(0.18518518518518515)], [np.float64(0.17602996254681647)]]","[0, 0, 0, 0, 0, 0, 0, 0, 0, 0, 0, 0, 0, 0, 0, 0, 0, 0, 5, 24, 51, 74, 135, 135, 89]","[np.float64(0.2789692487567663), np.float64(0.25494907461106775), np.float64(0.2499380636960268), np.float64(0.2481624074280262), np.float64(0.24572519287467004), np.float64(0.24212764874100684), np.float64(0.23714034594595432), np.float64(0.23075191751122476), np.float64(0.22386790849268437), np.float64(0.21780488677322865), np.float64(0.21150865778326988), np.float64(0.204845180362463), np.float64(0.19785148911178113), np.float64(0.1910973098129034), np.float64(0.18437192849814893), np.float64(0.17737904451787473), np.float64(0.17007714472711086), np.float64(0.16227189488708973), np.float64(0.14755848944187164), np.float64(0.11428608875721694), np.float64(0.07954261358827353), np.float64(0.05029155584052205), np.float64(0.029741606768220664), np.float64(0.016484254063107072), np.float64(0.008181141992099582)]","[0.2711697816848755, 0.25439196825027466, 0.24944107234477997, 0.24685271084308624, 0.24377647042274475, 0.2400027960538864, 0.2346714586019516, 0.22814731299877167, 0.2235582321882248, 0.2187916487455368, 0.21284805238246918, 0.2069716900587082, 0.20072384178638458, 0.19484609365463257, 0.18907161056995392, 0.18293510377407074, 0.17540256679058075, 0.1682686060667038, 0.1376599222421646, 0.09863684326410294, 0.06613098084926605, 0.03971181809902191, 0.0226434376090765, 0.011726262047886848, 0.0054654814302921295]"
11,XOR,1,3,12,[16],0.01,0.001,2,,0.0,0.0,0.0,"[1, 2, 3, 4, 5, 6, 7, 8, 9, 10, 11, 12, 13, 14, 15, 16, 17, 18, 19, 20, 21, 22, 23, 24, 25, 26, 27, 28, 29, 30, 31, 32, 33, 34, 35, 36, 37, 38, 39, 40, 41, 42, 43, 44, 45, 46, 47, 48, 49, 50, 51, 52, 53, 54, 55, 56, 57, 58, 59, 60, 61, 62, 63, 64, 65, 66, 67, 68, 69, 70, 71, 72, 73, 74, 75, 76, 77, 78]","[[0], [0], [0], [0], [0], [0], [0], [0], [0], [0], [0], [0], [0], [0], [0], [0], [0], [0], [0], [0], [8], [48], [92], [59], [92], [106], [106], [106], [106], [106], [106], [106], [106], [106], [106], [106], [106], [106], [106], [106], [106], [106], [106], [106], [106], [106], [106], [106], [100], [82], [82], [82], [40], [16], [16], [16], [16], [16], [16], [16], [16], [16], [16], [16], [16], [16], [16], [16], [16], [16], [16], [16], [16], [16], [16], [16], [16], [16]]","[[0.0], [0.0], [0.0], [0.0], [0.0], [0.0], [0.0], [0.0], [0.0], [0.0], [0.0], [0.0], [0.0], [0.0], [0.0], [0.0], [0.0], [0.0], [0.0], [0.0], [np.float64(0.16666666666666666)], [np.float64(0.18055555555555555)], [np.float64(0.177536231884058)], [np.float64(0.17796610169491522)], [np.float64(0.177536231884058)], [np.float64(0.17610062893081763)], [np.float64(0.17610062893081763)], [np.float64(0.17610062893081763)], [np.float64(0.17610062893081763)], [np.float64(0.17610062893081763)], [np.float64(0.17610062893081763)], [np.float64(0.17610062893081763)], [np.float64(0.17610062893081763)], [np.float64(0.17610062893081763)], [np.float64(0.17610062893081763)], [np.float64(0.17610062893081763)], [np.float64(0.17610062893081763)], [np.float64(0.17610062893081763)], [np.float64(0.17610062893081763)], [np.float64(0.17610062893081763)], [np.float64(0.17610062893081763)], [np.float64(0.17610062893081763)], [np.float64(0.17610062893081763)], [np.float64(0.17610062893081763)], [np.float64(0.17610062893081763)], [np.float64(0.17610062893081763)], [np.float64(0.17610062893081763)], [np.float64(0.17610062893081763)], [np.float64(0.17666666666666672)], [np.float64(0.17886178861788618)], [np.float64(0.17886178861788618)], [np.float64(0.17886178861788618)], [np.float64(0.19166666666666665)], [np.float64(0.16666666666666666)], [np.float64(0.16666666666666666)], [np.float64(0.16666666666666666)], [np.float64(0.16666666666666666)], [np.float64(0.16666666666666666)], [np.float64(0.16666666666666666)], [np.float64(0.16666666666666666)], [np.float64(0.16666666666666666)], [np.float64(0.16666666666666666)], [np.float64(0.16666666666666666)], [np.float64(0.16666666666666666)], [np.float64(0.16666666666666666)], [np.float64(0.16666666666666666)], [np.float64(0.16666666666666666)], [np.float64(0.16666666666666666)], [np.float64(0.16666666666666666)], [np.float64(0.16666666666666666)], [np.float64(0.16666666666666666)], [np.float64(0.16666666666666666)], [np.float64(0.16666666666666666)], [np.float64(0.16666666666666666)], [np.float64(0.16666666666666666)], [np.float64(0.16666666666666666)], [np.float64(0.16666666666666666)], [np.float64(0.16666666666666666)]]","[0, 0, 0, 0, 0, 0, 0, 0, 0, 0, 0, 0, 0, 0, 0, 0, 0, 0, 0, 0, 8, 48, 92, 59, 92, 106, 106, 106, 106, 106, 106, 106, 106, 106, 106, 106, 106, 106, 106, 106, 106, 106, 106, 106, 106, 106, 106, 106, 100, 82, 82, 82, 40, 16, 16, 16, 16, 16, 16, 16, 16, 16, 16, 16, 16, 16, 16, 16, 16, 16, 16, 16, 16, 16, 16, 16, 16, 16]","[np.float64(0.27186740897595885), np.float64(0.2547596901655197), np.float64(0.24577272571623326), np.float64(0.2401265300810337), np.float64(0.23443034775555133), np.float64(0.22780180610716344), np.float64(0.21967564783990384), np.float64(0.20841080769896508), np.float64(0.17702336944639682), np.float64(0.15620271675288677), np.float64(0.1437658227980137), np.float64(0.13679861426353454), np.float64(0.13317693043500184), np.float64(0.13110221736133099), np.float64(0.12978559639304876), np.float64(0.12886512596160174), np.float64(0.12821054700762033), np.float64(0.1277191797271371), np.float64(0.12727553956210613), np.float64(0.1268967477604747), np.float64(0.12652813140302896), np.float64(0.12610787134617568), np.float64(0.12567193657159806), np.float64(0.12524239346385002), np.float64(0.1248197577893734), np.float64(0.12436352614313365), np.float64(0.12393540423363447), np.float64(0.12342471163719893), np.float64(0.12295724675059319), np.float64(0.12233995124697686), np.float64(0.12180336341261863), np.float64(0.12117399331182241), np.float64(0.12058677393943071), np.float64(0.11991142351180314), np.float64(0.11918670386075973), np.float64(0.11843259669840336), np.float64(0.11762189101427793), np.float64(0.1167542790994048), np.float64(0.11591140199452639), np.float64(0.11495911367237568), np.float64(0.11396386194974184), np.float64(0.11288501657545566), np.float64(0.11181849148124456), np.float64(0.110616753436625), np.float64(0.10935198105871677), np.float64(0.10802267156541348), np.float64(0.10646570846438408), np.float64(0.103489113971591), np.float64(0.10063473414629698), np.float64(0.09763440769165754), np.float64(0.09467415306717157), np.float64(0.0916575564071536), np.float64(0.08850957080721855), np.float64(0.08519748523831368), np.float64(0.08179340492933988), np.float64(0.07826111186295748), np.float64(0.07457138020545244), np.float64(0.07086559925228357), np.float64(0.0670075673609972), np.float64(0.06314136749133467), np.float64(0.05923270396888256), np.float64(0.05534476097673178), np.float64(0.05153409689664841), np.float64(0.04763716319575906), np.float64(0.043966094870120286), np.float64(0.040372678777202964), np.float64(0.03676228858530521), np.float64(0.033376186387613416), np.float64(0.030103962123394012), np.float64(0.02703081239014864), np.float64(0.024134233547374605), np.float64(0.021412281366065145), np.float64(0.018874523881822824), np.float64(0.016555214091204105), np.float64(0.0143930685473606), np.float64(0.01248118148650974), np.float64(0.010698732105083764), np.float64(0.00912581596057862)]","[0.2501986026763916, 0.24176478385925293, 0.23815636336803436, 0.23488204181194305, 0.23046259582042694, 0.22495441138744354, 0.21799874305725098, 0.20117025077342987, 0.17947833240032196, 0.16881808638572693, 0.16174596548080444, 0.15790009498596191, 0.1545792818069458, 0.1524438112974167, 0.1502063274383545, 0.1478632241487503, 0.14671766757965088, 0.1451132744550705, 0.1445048600435257, 0.14382179081439972, 0.14338628947734833, 0.1424625813961029, 0.14168646931648254, 0.14163008332252502, 0.14084219932556152, 0.13991467654705048, 0.13920626044273376, 0.13902847468852997, 0.1385507434606552, 0.13829495012760162, 0.13720452785491943, 0.13660922646522522, 0.13621020317077637, 0.13513559103012085, 0.13412371277809143, 0.1333162486553192, 0.1326971799135208, 0.13148419559001923, 0.13008540868759155, 0.12945282459259033, 0.12833303213119507, 0.1273164600133896, 0.1253732293844223, 0.12422575056552887, 0.12290530651807785, 0.12113261222839355, 0.11736909300088882, 0.11433195322751999, 0.11283408850431442, 0.10913615673780441, 0.10532679408788681, 0.1016271635890007, 0.09741748124361038, 0.09427620470523834, 0.08969495445489883, 0.08659278601408005, 0.08234497159719467, 0.07795815914869308, 0.07278270274400711, 0.06890798360109329, 0.06495257467031479, 0.05941503122448921, 0.05558506399393082, 0.05214650556445122, 0.04729114845395088, 0.04382256790995598, 0.03956800326704979, 0.03621399775147438, 0.03168961778283119, 0.02906128577888012, 0.025501662865281105, 0.02231968753039837, 0.019629215821623802, 0.017253955826163292, 0.014691281132400036, 0.012721707113087177, 0.011021286249160767, 0.0092003820464015]"
12,XOR,1,3,13,[90],0.01,0.001,2,,0.0,0.0,0.0,"[1, 2, 3, 4, 5, 6, 7, 8, 9, 10, 11, 12, 13, 14, 15, 16, 17, 18, 19, 20, 21, 22, 23, 24, 25, 26, 27, 28, 29, 30, 31, 32, 33, 34, 35, 36, 37, 38, 39, 40, 41, 42, 43, 44, 45, 46, 47, 48, 49, 50, 51, 52, 53, 54, 55, 56, 57, 58, 59, 60, 61, 62, 63, 64, 65, 66, 67, 68, 69, 70, 71, 72, 73, 74, 75, 76, 77, 78, 79, 80, 81, 82, 83, 84, 85, 86, 87, 88, 89, 90, 91, 92, 93, 94, 95, 96, 97, 98, 99, 100, 101, 102, 103, 104, 105, 106, 107, 108, 109, 110, 111, 112, 113, 114, 115, 116, 117, 118, 119, 120, 121, 122, 123, 124, 125, 126, 127, 128, 129, 130, 131, 132, 133, 134, 135, 136, 137, 138, 139, 140, 141, 142]","[[0], [0], [0], [0], [0], [0], [0], [0], [0], [0], [0], [0], [0], [0], [0], [0], [0], [0], [0], [0], [0], [0], [0], [0], [0], [0], [0], [0], [0], [0], [0], [0], [0], [0], [0], [0], [0], [0], [0], [0], [0], [0], [0], [0], [0], [0], [0], [0], [0], [0], [0], [0], [0], [0], [0], [0], [0], [0], [0], [0], [0], [0], [0], [0], [0], [0], [0], [0], [0], [0], [0], [0], [0], [0], [0], [0], [0], [0], [0], [0], [0], [0], [0], [0], [0], [0], [0], [0], [0], [0], [0], [0], [0], [0], [0], [0], [0], [0], [0], [0], [0], [0], [0], [0], [0], [0], [0], [0], [0], [0], [0], [0], [0], [0], [0], [0], [0], [0], [0], [0], [0], [0], [0], [0], [0], [0], [0], [0], [0], [0], [0], [0], [0], [0], [0], [0], [16], [53], [58], [90], [88], [90]]","[[0.0], [0.0], [0.0], [0.0], [0.0], [0.0], [0.0], [0.0], [0.0], [0.0], [0.0], [0.0], [0.0], [0.0], [0.0], [0.0], [0.0], [0.0], [0.0], [0.0], [0.0], [0.0], [0.0], [0.0], [0.0], [0.0], [0.0], [0.0], [0.0], [0.0], [0.0], [0.0], [0.0], [0.0], [0.0], [0.0], [0.0], [0.0], [0.0], [0.0], [0.0], [0.0], [0.0], [0.0], [0.0], [0.0], [0.0], [0.0], [0.0], [0.0], [0.0], [0.0], [0.0], [0.0], [0.0], [0.0], [0.0], [0.0], [0.0], [0.0], [0.0], [0.0], [0.0], [0.0], [0.0], [0.0], [0.0], [0.0], [0.0], [0.0], [0.0], [0.0], [0.0], [0.0], [0.0], [0.0], [0.0], [0.0], [0.0], [0.0], [0.0], [0.0], [0.0], [0.0], [0.0], [0.0], [0.0], [0.0], [0.0], [0.0], [0.0], [0.0], [0.0], [0.0], [0.0], [0.0], [0.0], [0.0], [0.0], [0.0], [0.0], [0.0], [0.0], [0.0], [0.0], [0.0], [0.0], [0.0], [0.0], [0.0], [0.0], [0.0], [0.0], [0.0], [0.0], [0.0], [0.0], [0.0], [0.0], [0.0], [0.0], [0.0], [0.0], [0.0], [0.0], [0.0], [0.0], [0.0], [0.0], [0.0], [0.0], [0.0], [0.0], [0.0], [0.0], [0.0], [np.float64(0.16666666666666666)], [np.float64(0.17610062893081754)], [np.float64(0.18103448275862066)], [np.float64(0.18888888888888888)], [np.float64(0.18939393939393936)], [np.float64(0.18888888888888888)]]","[0, 0, 0, 0, 0, 0, 0, 0, 0, 0, 0, 0, 0, 0, 0, 0, 0, 0, 0, 0, 0, 0, 0, 0, 0, 0, 0, 0, 0, 0, 0, 0, 0, 0, 0, 0, 0, 0, 0, 0, 0, 0, 0, 0, 0, 0, 0, 0, 0, 0, 0, 0, 0, 0, 0, 0, 0, 0, 0, 0, 0, 0, 0, 0, 0, 0, 0, 0, 0, 0, 0, 0, 0, 0, 0, 0, 0, 0, 0, 0, 0, 0, 0, 0, 0, 0, 0, 0, 0, 0, 0, 0, 0, 0, 0, 0, 0, 0, 0, 0, 0, 0, 0, 0, 0, 0, 0, 0, 0, 0, 0, 0, 0, 0, 0, 0, 0, 0, 0, 0, 0, 0, 0, 0, 0, 0, 0, 0, 0, 0, 0, 0, 0, 0, 0, 0, 16, 53, 58, 90, 88, 90]","[np.float64(0.2681291226297617), np.float64(0.2532646987587214), np.float64(0.2505643557757139), np.float64(0.2500482890754938), np.float64(0.2500015154480934), np.float64(0.25008033104240895), np.float64(0.24997795075178147), np.float64(0.2499835655093193), np.float64(0.24994935765862464), np.float64(0.24997939802706243), np.float64(0.24995497688651086), np.float64(0.24999770261347293), np.float64(0.24993653520941733), np.float64(0.2500224269926548), np.float64(0.2499376405030489), np.float64(0.24999296814203262), np.float64(0.24993956796824932), np.float64(0.24993497803807257), np.float64(0.2499296020716429), np.float64(0.249923287704587), np.float64(0.24993425495922567), np.float64(0.24997408203780652), np.float64(0.24993118047714233), np.float64(0.24993908405303955), np.float64(0.24991426840424538), np.float64(0.24993559159338474), np.float64(0.24999653585255147), np.float64(0.24998336993157863), np.float64(0.2498811289668083), np.float64(0.24994838424026966), np.float64(0.24993769340217115), np.float64(0.24997580014169216), np.float64(0.24993204064667224), np.float64(0.24993488118052481), np.float64(0.24991984367370607), np.float64(0.24991583861410618), np.float64(0.2499219335615635), np.float64(0.24995576590299606), np.float64(0.2499343901872635), np.float64(0.24992994517087935), np.float64(0.24997089989483356), np.float64(0.24993981420993805), np.float64(0.24996829703450202), np.float64(0.24995752274990082), np.float64(0.24998780004680157), np.float64(0.24991958625614644), np.float64(0.2499227996915579), np.float64(0.2499214667826891), np.float64(0.24993061013519763), np.float64(0.2499764759093523), np.float64(0.2499322395771742), np.float64(0.24991689696907998), np.float64(0.24994680620729923), np.float64(0.24993811622262002), np.float64(0.24995312690734864), np.float64(0.24988992623984813), np.float64(0.2500153288245201), np.float64(0.249989640340209), np.float64(0.2499229058623314), np.float64(0.24991397187113762), np.float64(0.2499423749744892), np.float64(0.25000562965869905), np.float64(0.2499984372407198), np.float64(0.24991785138845443), np.float64(0.24989243894815444), np.float64(0.24994231201708317), np.float64(0.24993587844073772), np.float64(0.24991163611412048), np.float64(0.24994976818561554), np.float64(0.24993588216602802), np.float64(0.2498804245144129), np.float64(0.24994752332568168), np.float64(0.2500255167484283), np.float64(0.24991472996771336), np.float64(0.24991922341287137), np.float64(0.2498966597020626), np.float64(0.2498971227556467), np.float64(0.25002168491482735), np.float64(0.2499319091439247), np.float64(0.24992017149925233), np.float64(0.24991369880735875), np.float64(0.24991553984582424), np.float64(0.2499514039605856), np.float64(0.24991947486996652), np.float64(0.2499209377914667), np.float64(0.24997209161520004), np.float64(0.24992631562054157), np.float64(0.2499023549258709), np.float64(0.24994347095489503), np.float64(0.24994056075811386), np.float64(0.2500222969800234), np.float64(0.25000414699316026), np.float64(0.2499548513442278), np.float64(0.24989806674420834), np.float64(0.24989923350512983), np.float64(0.24998467415571213), np.float64(0.24989450797438623), np.float64(0.249937504529953), np.float64(0.24990441910922528), np.float64(0.24988288134336473), np.float64(0.24990460611879825), np.float64(0.24988926723599433), np.float64(0.24996665120124817), np.float64(0.24992455653846263), np.float64(0.2500687297433615), np.float64(0.2499685302376747), np.float64(0.24991889707744122), np.float64(0.2499142810702324), np.float64(0.24990590550005437), np.float64(0.24994923323392867), np.float64(0.2499284129589796), np.float64(0.24992416501045228), np.float64(0.24989356175065042), np.float64(0.24990501180291175), np.float64(0.2499298509210348), np.float64(0.2498939000070095), np.float64(0.2499219611287117), np.float64(0.24991285465657712), np.float64(0.24991004019975663), np.float64(0.24990287646651269), np.float64(0.24992006570100783), np.float64(0.2499711036682129), np.float64(0.24990294836461543), np.float64(0.24989845119416715), np.float64(0.24992693401873112), np.float64(0.2499677948653698), np.float64(0.24988747239112855), np.float64(0.24991876631975174), np.float64(0.24993253983557223), np.float64(0.2499500997364521), np.float64(0.24997060522437095), np.float64(0.24992535449564457), np.float64(0.250010771304369), np.float64(0.2499424137175083), np.float64(0.25004618503153325), np.float64(0.24279584214091302), np.float64(0.21654572673141956), np.float64(0.1767920084297657), np.float64(0.11894068699330092), np.float64(0.05439303726889193), np.float64(0.018112507346086205), np.float64(0.004343523248098791)]","[0.2525644302368164, 0.24949221312999725, 0.24999113380908966, 0.24935565888881683, 0.2496359795331955, 0.24889564514160156, 0.248963862657547, 0.24910493195056915, 0.2488933652639389, 0.24864433705806732, 0.24858629703521729, 0.24821996688842773, 0.24855291843414307, 0.24832963943481445, 0.2483159601688385, 0.24826565384864807, 0.24838300049304962, 0.24827328324317932, 0.24835927784442902, 0.24821551144123077, 0.24857497215270996, 0.24803857505321503, 0.2483200877904892, 0.24807827174663544, 0.2482922524213791, 0.2483588308095932, 0.24798277020454407, 0.24839453399181366, 0.24799390137195587, 0.24830470979213715, 0.24830622971057892, 0.2482534945011139, 0.24799838662147522, 0.2483179122209549, 0.24789634346961975, 0.24820707738399506, 0.24831338226795197, 0.24828341603279114, 0.24818158149719238, 0.24830570816993713, 0.24786853790283203, 0.24836726486682892, 0.24805878102779388, 0.2482396364212036, 0.24830928444862366, 0.24806761741638184, 0.24806514382362366, 0.2482564002275467, 0.24843727052211761, 0.2482101023197174, 0.2487320452928543, 0.24828588962554932, 0.24812279641628265, 0.24818764626979828, 0.24845628440380096, 0.24805645644664764, 0.248257115483284, 0.24866609275341034, 0.24822096526622772, 0.24809084832668304, 0.24821737408638, 0.2479526847600937, 0.24817602336406708, 0.2479441910982132, 0.24810858070850372, 0.24872098863124847, 0.24826088547706604, 0.24811458587646484, 0.248204305768013, 0.24791057407855988, 0.24821887910366058, 0.24836687743663788, 0.24810627102851868, 0.24836567044258118, 0.2483341544866562, 0.24805133044719696, 0.24819473922252655, 0.24789662659168243, 0.2483050376176834, 0.24826672673225403, 0.24810948967933655, 0.24803049862384796, 0.24819615483283997, 0.24806247651576996, 0.24824543297290802, 0.24777083098888397, 0.24809108674526215, 0.24800503253936768, 0.24829407036304474, 0.24817179143428802, 0.24833014607429504, 0.24811045825481415, 0.24787043035030365, 0.24793319404125214, 0.24822790920734406, 0.2481541633605957, 0.24824953079223633, 0.24801646173000336, 0.24817438423633575, 0.2481340914964676, 0.24810944497585297, 0.24811378121376038, 0.24834595620632172, 0.24806585907936096, 0.24822747707366943, 0.2479114979505539, 0.24810467660427094, 0.24821053445339203, 0.24843893945217133, 0.24837496876716614, 0.2480914443731308, 0.24825087189674377, 0.24811208248138428, 0.24811051785945892, 0.24825362861156464, 0.2481628656387329, 0.24791760742664337, 0.24820034205913544, 0.24806013703346252, 0.24800696969032288, 0.24812667071819305, 0.2483655959367752, 0.24814482033252716, 0.24811461567878723, 0.2479741871356964, 0.24798451364040375, 0.2483128309249878, 0.2483021467924118, 0.24818377196788788, 0.24801795184612274, 0.2484004944562912, 0.24833936989307404, 0.2484891414642334, 0.24836531281471252, 0.2474638670682907, 0.22678692638874054, 0.19066426157951355, 0.14096061885356903, 0.07675526291131973, 0.026874816045165062, 0.007207214366644621, 0.0012832656502723694]"
13,XOR,1,3,14,[26],0.01,0.001,2,,0.0,0.0,0.0,"[1, 2, 3, 4, 5, 6, 7, 8, 9, 10, 11, 12, 13, 14, 15, 16, 17, 18, 19, 20, 21]","[[0], [0], [0], [0], [0], [0], [0], [0], [0], [0], [26], [26], [26], [26], [26], [26], [26], [26], [26], [26], [26]]","[[0.0], [0.0], [0.0], [0.0], [0.0], [0.0], [0.0], [0.0], [0.0], [0.0], [np.float64(0.1794871794871795)], [np.float64(0.1794871794871795)], [np.float64(0.1794871794871795)], [np.float64(0.1794871794871795)], [np.float64(0.1794871794871795)], [np.float64(0.1794871794871795)], [np.float64(0.1794871794871795)], [np.float64(0.1794871794871795)], [np.float64(0.1794871794871795)], [np.float64(0.1794871794871795)], [np.float64(0.1794871794871795)]]","[0, 0, 0, 0, 0, 0, 0, 0, 0, 0, 26, 26, 26, 26, 26, 26, 26, 26, 26, 26, 26]","[np.float64(0.25295230001211166), np.float64(0.23829531148076058), np.float64(0.22844462096691132), np.float64(0.2171330377459526), np.float64(0.20357706509530543), np.float64(0.1887692216783762), np.float64(0.17397616654634476), np.float64(0.15950823128223418), np.float64(0.14553953744471074), np.float64(0.13135920725762845), np.float64(0.11647005900740623), np.float64(0.10047598965466023), np.float64(0.08360516652464867), np.float64(0.0664687673561275), np.float64(0.05031821131706238), np.float64(0.03792081009596586), np.float64(0.028537847520783543), np.float64(0.021465416764840484), np.float64(0.015978599851951002), np.float64(0.011725129093974829), np.float64(0.00851299025816843)]","[0.23531079292297363, 0.23107579350471497, 0.22417250275611877, 0.2116817682981491, 0.19734829664230347, 0.1834401935338974, 0.1692524254322052, 0.15519076585769653, 0.1406194418668747, 0.12530742585659027, 0.10932918637990952, 0.09215085953474045, 0.07457931339740753, 0.05749223381280899, 0.04254290834069252, 0.0315464548766613, 0.02378818206489086, 0.017634738236665726, 0.012969679199159145, 0.009453871287405491, 0.006797239184379578]"
14,XOR,1,3,15,[66],0.01,0.001,2,,0.0,0.0,0.0,"[1, 2, 3, 4, 5, 6, 7, 8, 9, 10, 11, 12, 13, 14, 15, 16, 17, 18, 19, 20, 21, 22, 23, 24, 25, 26, 27, 28, 29]","[[0], [0], [0], [0], [0], [0], [0], [0], [0], [0], [0], [0], [0], [0], [0], [0], [0], [0], [0], [0], [0], [0], [0], [0], [72], [72], [38], [36], [66]]","[[0.0], [0.0], [0.0], [0.0], [0.0], [0.0], [0.0], [0.0], [0.0], [0.0], [0.0], [0.0], [0.0], [0.0], [0.0], [0.0], [0.0], [0.0], [0.0], [0.0], [0.0], [0.0], [0.0], [0.0], [np.float64(0.19907407407407407)], [np.float64(0.19907407407407407)], [np.float64(0.18421052631578952)], [np.float64(0.18518518518518523)], [np.float64(0.20454545454545456)]]","[0, 0, 0, 0, 0, 0, 0, 0, 0, 0, 0, 0, 0, 0, 0, 0, 0, 0, 0, 0, 0, 0, 0, 0, 72, 72, 38, 36, 66]","[np.float64(0.32277002930641174), np.float64(0.2762099403887987), np.float64(0.2514792773872614), np.float64(0.23867257125675678), np.float64(0.22939422279596328), np.float64(0.2183910794556141), np.float64(0.20534644462168217), np.float64(0.193688453361392), np.float64(0.1841387577354908), np.float64(0.1765695784240961), np.float64(0.17154585272073747), np.float64(0.16842858381569387), np.float64(0.16674290038645267), np.float64(0.1658491637557745), np.float64(0.1654364552348852), np.float64(0.16532792523503304), np.float64(0.1652994602918625), np.float64(0.1652672030031681), np.float64(0.16529266051948072), np.float64(0.16524298079311847), np.float64(0.16478187181055545), np.float64(0.15734218657016755), np.float64(0.13923346512019635), np.float64(0.11943334136158228), np.float64(0.0980960886925459), np.float64(0.07424464793875814), np.float64(0.048197428695857525), np.float64(0.02051081066019833), np.float64(0.006583878601668402)]","[0.26995402574539185, 0.2516365647315979, 0.24630999565124512, 0.2430749237537384, 0.23550720512866974, 0.22508588433265686, 0.21588745713233948, 0.20936298370361328, 0.2028069943189621, 0.19812823832035065, 0.19450722634792328, 0.19262848794460297, 0.19157405197620392, 0.19087901711463928, 0.19071900844573975, 0.190695658326149, 0.19067776203155518, 0.19066868722438812, 0.1906592696905136, 0.19064217805862427, 0.18780545890331268, 0.17249101400375366, 0.14841537177562714, 0.12530997395515442, 0.09919046610593796, 0.07070966809988022, 0.036897625774145126, 0.012786561623215675, 0.0035715221893042326]"
15,XOR,1,3,16,[56],0.01,0.001,2,,0.0,0.0,0.0,"[1, 2, 3, 4, 5, 6, 7, 8, 9, 10, 11, 12, 13, 14, 15]","[[0], [0], [16], [12], [36], [52], [52], [52], [52], [52], [52], [56], [60], [56], [56]]","[[0.0], [0.0], [np.float64(0.21875)], [np.float64(0.16666666666666666)], [np.float64(0.16666666666666669)], [np.float64(0.17948717948717943)], [np.float64(0.17948717948717943)], [np.float64(0.17948717948717943)], [np.float64(0.17948717948717943)], [np.float64(0.17948717948717943)], [np.float64(0.17948717948717943)], [np.float64(0.17261904761904762)], [np.float64(0.17222222222222217)], [np.float64(0.16666666666666666)], [np.float64(0.16666666666666666)]]","[0, 0, 16, 12, 36, 52, 52, 52, 52, 52, 52, 56, 60, 56, 56]","[np.float64(0.2567921750247478), np.float64(0.21933954246342183), np.float64(0.19568067155778407), np.float64(0.18080540895462036), np.float64(0.16778354570269585), np.float64(0.1558572232723236), np.float64(0.1440739046782255), np.float64(0.13138974960893393), np.float64(0.11363917086273431), np.float64(0.09348341729491949), np.float64(0.0753000346943736), np.float64(0.05524692740291357), np.float64(0.03139507048763335), np.float64(0.013679078174754977), np.float64(0.005103175388649106)]","[0.2405172437429428, 0.2084006816148758, 0.1930859088897705, 0.1794651746749878, 0.16759216785430908, 0.15617190301418304, 0.14400874078273773, 0.13018770515918732, 0.10772126913070679, 0.08807321637868881, 0.0686584934592247, 0.04669754579663277, 0.021723130717873573, 0.008820545859634876, 0.002902326639741659]"
16,XOR,1,3,17,[35],0.01,0.001,2,,0.0,0.0,0.0,"[1, 2, 3, 4, 5, 6, 7, 8, 9, 10, 11, 12, 13, 14, 15, 16, 17, 18, 19, 20, 21, 22, 23, 24, 25, 26, 27, 28, 29, 30, 31, 32, 33, 34, 35, 36, 37, 38, 39, 40, 41, 42, 43, 44, 45, 46, 47, 48, 49, 50, 51, 52, 53, 54, 55, 56, 57, 58, 59, 60, 61, 62, 63, 64, 65, 66, 67, 68, 69, 70, 71, 72, 73, 74, 75, 76, 77, 78, 79]","[[0], [0], [0], [0], [0], [0], [0], [0], [0], [0], [0], [0], [0], [0], [0], [0], [0], [0], [0], [0], [0], [0], [0], [0], [0], [0], [0], [0], [0], [0], [0], [0], [0], [0], [0], [0], [0], [0], [0], [0], [2], [2], [2], [4], [6], [9], [11], [14], [17], [22], [22], [23], [25], [27], [28], [28], [32], [36], [37], [40], [44], [49], [52], [52], [52], [55], [58], [58], [58], [58], [58], [58], [58], [55], [53], [41], [43], [39], [35]]","[[0.0], [0.0], [0.0], [0.0], [0.0], [0.0], [0.0], [0.0], [0.0], [0.0], [0.0], [0.0], [0.0], [0.0], [0.0], [0.0], [0.0], [0.0], [0.0], [0.0], [0.0], [0.0], [0.0], [0.0], [0.0], [0.0], [0.0], [0.0], [0.0], [0.0], [0.0], [0.0], [0.0], [0.0], [0.0], [0.0], [0.0], [0.0], [0.0], [0.0], [np.float64(0.16666666666666666)], [np.float64(0.16666666666666666)], [np.float64(0.16666666666666666)], [np.float64(0.16666666666666666)], [np.float64(0.16666666666666666)], [np.float64(0.16666666666666666)], [np.float64(0.16666666666666669)], [np.float64(0.16666666666666666)], [np.float64(0.16666666666666666)], [np.float64(0.16666666666666663)], [np.float64(0.16666666666666663)], [np.float64(0.1666666666666666)], [np.float64(0.16666666666666669)], [np.float64(0.17901234567901236)], [np.float64(0.1785714285714286)], [np.float64(0.1785714285714286)], [np.float64(0.17708333333333331)], [np.float64(0.17592592592592593)], [np.float64(0.1801801801801802)], [np.float64(0.1833333333333333)], [np.float64(0.18181818181818182)], [np.float64(0.1802721088435374)], [np.float64(0.17948717948717943)], [np.float64(0.17948717948717943)], [np.float64(0.17948717948717943)], [np.float64(0.1818181818181817)], [np.float64(0.18103448275862066)], [np.float64(0.18103448275862066)], [np.float64(0.18103448275862066)], [np.float64(0.18103448275862066)], [np.float64(0.18103448275862066)], [np.float64(0.18103448275862066)], [np.float64(0.18103448275862066)], [np.float64(0.1818181818181817)], [np.float64(0.18238993710691817)], [np.float64(0.19512195121951217)], [np.float64(0.19379844961240308)], [np.float64(0.19658119658119663)], [np.float64(0.2)]]","[0, 0, 0, 0, 0, 0, 0, 0, 0, 0, 0, 0, 0, 0, 0, 0, 0, 0, 0, 0, 0, 0, 0, 0, 0, 0, 0, 0, 0, 0, 0, 0, 0, 0, 0, 0, 0, 0, 0, 0, 2, 2, 2, 4, 6, 9, 11, 14, 17, 22, 22, 23, 25, 27, 28, 28, 32, 36, 37, 40, 44, 49, 52, 52, 52, 55, 58, 58, 58, 58, 58, 58, 58, 55, 53, 41, 43, 39, 35]","[np.float64(0.9900025129318237), np.float64(0.890954676270485), np.float64(0.8220834314823151), np.float64(0.7660368710756302), np.float64(0.7140011712908745), np.float64(0.6652925632894039), np.float64(0.620291105657816), np.float64(0.578680133074522), np.float64(0.5403635188937187), np.float64(0.5051497027277947), np.float64(0.472955871373415), np.float64(0.44337509796023367), np.float64(0.4165780760347843), np.float64(0.392320192605257), np.float64(0.37034728154540064), np.float64(0.350663747638464), np.float64(0.3331701599061489), np.float64(0.3176856704056263), np.float64(0.3041710272431374), np.float64(0.2924298197031021), np.float64(0.28233883865177634), np.float64(0.27381125204265117), np.float64(0.26662433072924613), np.float64(0.26072016842663287), np.float64(0.2557744961231947), np.float64(0.2516690071672201), np.float64(0.2483228135854006), np.float64(0.24542707093060018), np.float64(0.24288105964660645), np.float64(0.2405487012118101), np.float64(0.23833239786326885), np.float64(0.23616294451057912), np.float64(0.23401804231107234), np.float64(0.2322685018181801), np.float64(0.23058493249118328), np.float64(0.22882443703711033), np.float64(0.2269944291561842), np.float64(0.22504932060837746), np.float64(0.2229515977203846), np.float64(0.22070485465228556), np.float64(0.2183219850063324), np.float64(0.2158385831862688), np.float64(0.21316683068871498), np.float64(0.21029752790927886), np.float64(0.20722454637289048), np.float64(0.20391431786119937), np.float64(0.20037339627742767), np.float64(0.1965915344655514), np.float64(0.19256417267024517), np.float64(0.1882375292479992), np.float64(0.183687786385417), np.float64(0.1788467139005661), np.float64(0.17376018166542054), np.float64(0.16840050294995307), np.float64(0.16280247420072555), np.float64(0.1569823171943426), np.float64(0.15094504915177823), np.float64(0.14470336884260177), np.float64(0.13828867748379708), np.float64(0.1317525265738368), np.float64(0.12516308426856995), np.float64(0.11862377934157849), np.float64(0.11203038208186626), np.float64(0.10547578558325768), np.float64(0.09894085843116045), np.float64(0.09249406587332487), np.float64(0.08612208124250173), np.float64(0.0798980874940753), np.float64(0.0738262901082635), np.float64(0.06793518904596567), np.float64(0.06225144742056728), np.float64(0.056809679791331294), np.float64(0.05160217536613345), np.float64(0.04667119979858399), np.float64(0.04200600180774927), np.float64(0.03372453786432743), np.float64(0.02370854690670967), np.float64(0.02039599120616913), np.float64(0.008627844537841156)]","[0.9643953442573547, 0.8785610198974609, 0.8193033337593079, 0.7639022469520569, 0.7121168971061707, 0.6640840768814087, 0.6194847226142883, 0.5785371661186218, 0.5408233404159546, 0.5060321092605591, 0.47377562522888184, 0.44471096992492676, 0.41805148124694824, 0.3936309516429901, 0.37182852625846863, 0.35235750675201416, 0.33477312326431274, 0.319139301776886, 0.3053213059902191, 0.29339584708213806, 0.2832202613353729, 0.27446359395980835, 0.2670852243900299, 0.2606641948223114, 0.2554202079772949, 0.2511574923992157, 0.24722643196582794, 0.24391423165798187, 0.24101205170154572, 0.2383863925933838, 0.2359466850757599, 0.23336981236934662, 0.23117280006408691, 0.22922229766845703, 0.22728624939918518, 0.22534549236297607, 0.22334006428718567, 0.22111645340919495, 0.21887388825416565, 0.2164958268404007, 0.21403639018535614, 0.21146009862422943, 0.20865392684936523, 0.20574532449245453, 0.20248650014400482, 0.19913585484027863, 0.19549766182899475, 0.19161859154701233, 0.18741977214813232, 0.18314586579799652, 0.17847491800785065, 0.17360801994800568, 0.16843388974666595, 0.16301874816417694, 0.15736721456050873, 0.15156486630439758, 0.14541621506214142, 0.1391860395669937, 0.13277408480644226, 0.12623648345470428, 0.11974669992923737, 0.1133313700556755, 0.10685870796442032, 0.1004425510764122, 0.09407919645309448, 0.08777505904436111, 0.08162521570920944, 0.07557540386915207, 0.06967419385910034, 0.06399909406900406, 0.05856814607977867, 0.05335978418588638, 0.048361483961343765, 0.04364420473575592, 0.039215948432683945, 0.024623354896903038, 0.02003798820078373, 0.01724514178931713, 0.0048157586716115475]"
17,XOR,1,3,18,[66],0.01,0.001,2,,0.0,0.0,0.0,"[1, 2, 3, 4, 5, 6, 7, 8, 9, 10, 11, 12, 13, 14, 15, 16, 17, 18, 19, 20, 21]","[[0], [0], [0], [0], [0], [0], [0], [0], [0], [0], [0], [62], [56], [54], [24], [21], [20], [30], [71], [65], [66]]","[[0.0], [0.0], [0.0], [0.0], [0.0], [0.0], [0.0], [0.0], [0.0], [0.0], [0.0], [np.float64(0.18010752688172035)], [np.float64(0.18154761904761904)], [np.float64(0.17901234567901228)], [np.float64(0.17361111111111108)], [np.float64(0.16666666666666663)], [np.float64(0.16666666666666663)], [np.float64(0.17777777777777784)], [np.float64(0.17370892018779335)], [np.float64(0.17435897435897435)], [np.float64(0.17424242424242423)]]","[0, 0, 0, 0, 0, 0, 0, 0, 0, 0, 0, 62, 56, 54, 24, 21, 20, 30, 71, 65, 66]","[np.float64(0.6477924957871437), np.float64(0.508466848731041), np.float64(0.41172017604112626), np.float64(0.33890988379716874), np.float64(0.2842821475118399), np.float64(0.24733185805380345), np.float64(0.2224188357591629), np.float64(0.20464439503848553), np.float64(0.19040003158152102), np.float64(0.17823910005390645), np.float64(0.16655683629214763), np.float64(0.1391948290169239), np.float64(0.11303583700209856), np.float64(0.09442999791353941), np.float64(0.07644736338406802), np.float64(0.05942994887009263), np.float64(0.044085308257490394), np.float64(0.031053001759573817), np.float64(0.020666290703229607), np.float64(0.012980918679386378), np.float64(0.0076529313460923735)]","[0.43269607424736023, 0.3476260304450989, 0.2918728291988373, 0.24966278672218323, 0.22113576531410217, 0.2021789401769638, 0.18929386138916016, 0.17827904224395752, 0.1676403284072876, 0.1570688784122467, 0.14500537514686584, 0.11556923389434814, 0.09514780342578888, 0.07729547470808029, 0.06083691120147705, 0.046226441860198975, 0.033520955592393875, 0.023157436400651932, 0.015093970112502575, 0.009252081625163555, 0.005339108407497406]"
18,XOR,1,3,19,[108],0.01,0.001,2,,0.0,0.0,0.0,"[1, 2, 3, 4, 5, 6, 7, 8, 9, 10, 11, 12, 13, 14, 15, 16, 17, 18, 19, 20, 21, 22, 23, 24, 25, 26, 27, 28, 29, 30, 31, 32, 33, 34, 35, 36, 37, 38, 39, 40, 41, 42, 43, 44, 45, 46, 47, 48, 49]","[[0], [0], [0], [0], [0], [0], [0], [0], [0], [0], [0], [0], [0], [0], [0], [0], [0], [0], [0], [0], [0], [0], [0], [0], [0], [0], [0], [0], [0], [0], [0], [0], [0], [0], [0], [0], [0], [0], [0], [0], [0], [0], [0], [0], [197], [167], [113], [108], [108]]","[[0.0], [0.0], [0.0], [0.0], [0.0], [0.0], [0.0], [0.0], [0.0], [0.0], [0.0], [0.0], [0.0], [0.0], [0.0], [0.0], [0.0], [0.0], [0.0], [0.0], [0.0], [0.0], [0.0], [0.0], [0.0], [0.0], [0.0], [0.0], [0.0], [0.0], [0.0], [0.0], [0.0], [0.0], [0.0], [0.0], [0.0], [0.0], [0.0], [0.0], [0.0], [0.0], [0.0], [0.0], [np.float64(0.18612521150592218)], [np.float64(0.18762475049900196)], [np.float64(0.1814159292035398)], [np.float64(0.17901234567901236)], [np.float64(0.17901234567901236)]]","[0, 0, 0, 0, 0, 0, 0, 0, 0, 0, 0, 0, 0, 0, 0, 0, 0, 0, 0, 0, 0, 0, 0, 0, 0, 0, 0, 0, 0, 0, 0, 0, 0, 0, 0, 0, 0, 0, 0, 0, 0, 0, 0, 0, 197, 167, 113, 108, 108]","[np.float64(0.3832852028310299), np.float64(0.3427032470703125), np.float64(0.3141657065600157), np.float64(0.29333248399198053), np.float64(0.2791825242340565), np.float64(0.26985721476376057), np.float64(0.2631144799292088), np.float64(0.25789316855371), np.float64(0.2539834205061197), np.float64(0.25099846310913565), np.float64(0.24867161810398103), np.float64(0.24682047292590142), np.float64(0.24513785243034364), np.float64(0.24354389160871506), np.float64(0.24188873246312143), np.float64(0.24005054980516433), np.float64(0.23795981854200363), np.float64(0.23558496199548246), np.float64(0.2327853299677372), np.float64(0.22963831685483455), np.float64(0.2261648315936327), np.float64(0.22235839441418648), np.float64(0.21830930523574352), np.float64(0.21403357051312924), np.float64(0.20976030752062796), np.float64(0.20543702468276023), np.float64(0.20119421519339084), np.float64(0.19710909985005856), np.float64(0.19322073459625244), np.float64(0.18845019452273845), np.float64(0.17879175320267676), np.float64(0.17384540811181068), np.float64(0.17167584486305715), np.float64(0.17020286694169046), np.float64(0.16900556217879056), np.float64(0.16792992427945136), np.float64(0.16681418418884278), np.float64(0.16560753397643566), np.float64(0.1641887165606022), np.float64(0.16255346983671187), np.float64(0.16064946986734868), np.float64(0.15844178088009359), np.float64(0.15608694329857825), np.float64(0.15372635945677757), np.float64(0.14245747439563275), np.float64(0.04553751386702061), np.float64(0.0242436152882874), np.float64(0.014279375202022493), np.float64(0.008864304365124554)]","[0.30413728952407837, 0.2806221544742584, 0.2643071115016937, 0.253743976354599, 0.24779978394508362, 0.24452172219753265, 0.2424149513244629, 0.24127762019634247, 0.24089458584785461, 0.2408456802368164, 0.24080327153205872, 0.2408626824617386, 0.24052420258522034, 0.23990483582019806, 0.23891179263591766, 0.23741821944713593, 0.23539085686206818, 0.2328275442123413, 0.22975121438503265, 0.22598281502723694, 0.22208988666534424, 0.2174915373325348, 0.213044673204422, 0.20842161774635315, 0.20368409156799316, 0.19903242588043213, 0.19475309550762177, 0.19034677743911743, 0.18686842918395996, 0.1773507446050644, 0.16959795355796814, 0.16834206879138947, 0.16816402971744537, 0.16806386411190033, 0.167791947722435, 0.16725559532642365, 0.16663706302642822, 0.16580043733119965, 0.16462251543998718, 0.16320036351680756, 0.16137853264808655, 0.15932808816432953, 0.15723638236522675, 0.1549311876296997, 0.0780976191163063, 0.027595967054367065, 0.01624242775142193, 0.010076229460537434, 0.006556739564985037]"
19,XOR,1,3,20,[50],0.01,0.001,2,,0.0,0.0,0.0,"[1, 2, 3, 4, 5, 6, 7, 8, 9, 10, 11, 12, 13, 14, 15, 16, 17]","[[0], [0], [0], [0], [0], [0], [0], [0], [0], [74], [99], [99], [91], [80], [76], [51], [50]]","[[0.0], [0.0], [0.0], [0.0], [0.0], [0.0], [0.0], [0.0], [0.0], [np.float64(0.18468468468468469)], [np.float64(0.17508417508417512)], [np.float64(0.1868686868686869)], [np.float64(0.18498168498168502)], [np.float64(0.17916666666666667)], [np.float64(0.1776315789473684)], [np.float64(0.17647058823529407)], [np.float64(0.17666666666666664)]]","[0, 0, 0, 0, 0, 0, 0, 0, 0, 74, 99, 99, 91, 80, 76, 51, 50]","[np.float64(0.7103321105241776), np.float64(0.6078359499573708), np.float64(0.5300304047763348), np.float64(0.4710846893489361), np.float64(0.42491360381245613), np.float64(0.3960060469806194), np.float64(0.3725572608411312), np.float64(0.3516236297786236), np.float64(0.32227383106946944), np.float64(0.21865031458437442), np.float64(0.13798856530338527), np.float64(0.10160948205739259), np.float64(0.07213602513074875), np.float64(0.04705920591950417), np.float64(0.027796262921765447), np.float64(0.014790930389426648), np.float64(0.007108178955968469)]","[0.6392225623130798, 0.5551385283470154, 0.4901190400123596, 0.4405941069126129, 0.40428850054740906, 0.37996503710746765, 0.3581712245941162, 0.3384956121444702, 0.28353238105773926, 0.16524770855903625, 0.11838991940021515, 0.08538126200437546, 0.05721771717071533, 0.034956879913806915, 0.01937231793999672, 0.009749573655426502, 0.004450518172234297]"
20,XOR,1,3,21,[26],0.01,0.001,2,,0.0,0.0,0.0,"[1, 2, 3, 4, 5, 6, 7, 8, 9, 10, 11, 12, 13, 14, 15, 16, 17, 18, 19, 20, 21, 22, 23, 24, 25, 26, 27, 28, 29, 30, 31, 32, 33, 34, 35, 36, 37, 38, 39, 40, 41, 42, 43, 44, 45, 46, 47, 48, 49, 50, 51, 52, 53, 54, 55, 56, 57, 58, 59, 60, 61, 62, 63, 64, 65, 66, 67, 68, 69, 70, 71, 72, 73, 74, 75, 76, 77, 78, 79, 80, 81, 82, 83, 84, 85, 86, 87, 88, 89, 90, 91, 92, 93, 94, 95, 96, 97, 98, 99, 100, 101, 102, 103, 104, 105, 106, 107, 108, 109, 110, 111, 112, 113, 114, 115, 116, 117]","[[0], [0], [0], [0], [0], [0], [0], [0], [0], [0], [0], [0], [0], [0], [0], [0], [0], [0], [0], [0], [0], [0], [0], [0], [0], [0], [0], [0], [0], [0], [0], [0], [0], [0], [0], [0], [0], [0], [0], [0], [0], [0], [0], [0], [0], [26], [4], [4], [1], [1], [1], [1], [20], [20], [10], [10], [10], [10], [8], [0], [0], [0], [0], [0], [0], [0], [0], [0], [0], [0], [0], [2], [2], [0], [0], [0], [0], [0], [0], [0], [0], [0], [0], [0], [0], [0], [0], [0], [0], [0], [0], [0], [0], [0], [0], [0], [10], [10], [10], [10], [10], [10], [10], [10], [10], [10], [10], [12], [12], [12], [12], [12], [36], [26], [26], [26], [26]]","[[0.0], [0.0], [0.0], [0.0], [0.0], [0.0], [0.0], [0.0], [0.0], [0.0], [0.0], [0.0], [0.0], [0.0], [0.0], [0.0], [0.0], [0.0], [0.0], [0.0], [0.0], [0.0], [0.0], [0.0], [0.0], [0.0], [0.0], [0.0], [0.0], [0.0], [0.0], [0.0], [0.0], [0.0], [0.0], [0.0], [0.0], [0.0], [0.0], [0.0], [0.0], [0.0], [0.0], [0.0], [0.0], [np.float64(0.1794871794871795)], [np.float64(0.16666666666666666)], [np.float64(0.16666666666666666)], [np.float64(0.16666666666666666)], [np.float64(0.16666666666666666)], [np.float64(0.16666666666666666)], [np.float64(0.16666666666666666)], [np.float64(0.1833333333333333)], [np.float64(0.1833333333333333)], [np.float64(0.18333333333333335)], [np.float64(0.18333333333333335)], [np.float64(0.18333333333333335)], [np.float64(0.18333333333333335)], [np.float64(0.1875)], [0.0], [0.0], [0.0], [0.0], [0.0], [0.0], [0.0], [0.0], [0.0], [0.0], [0.0], [0.0], [np.float64(0.16666666666666666)], [np.float64(0.16666666666666666)], [0.0], [0.0], [0.0], [0.0], [0.0], [0.0], [0.0], [0.0], [0.0], [0.0], [0.0], [0.0], [0.0], [0.0], [0.0], [0.0], [0.0], [0.0], [0.0], [0.0], [0.0], [0.0], [0.0], [np.float64(0.18333333333333335)], [np.float64(0.18333333333333335)], [np.float64(0.18333333333333335)], [np.float64(0.18333333333333335)], [np.float64(0.18333333333333335)], [np.float64(0.18333333333333335)], [np.float64(0.18333333333333335)], [np.float64(0.18333333333333335)], [np.float64(0.18333333333333335)], [np.float64(0.18333333333333335)], [np.float64(0.18333333333333335)], [np.float64(0.18055555555555555)], [np.float64(0.18055555555555555)], [np.float64(0.18055555555555555)], [np.float64(0.18055555555555555)], [np.float64(0.18055555555555555)], [np.float64(0.18055555555555558)], [np.float64(0.1794871794871795)], [np.float64(0.1794871794871795)], [np.float64(0.1794871794871795)], [np.float64(0.1794871794871795)]]","[0, 0, 0, 0, 0, 0, 0, 0, 0, 0, 0, 0, 0, 0, 0, 0, 0, 0, 0, 0, 0, 0, 0, 0, 0, 0, 0, 0, 0, 0, 0, 0, 0, 0, 0, 0, 0, 0, 0, 0, 0, 0, 0, 0, 0, 26, 4, 4, 1, 1, 1, 1, 20, 20, 10, 10, 10, 10, 8, 0, 0, 0, 0, 0, 0, 0, 0, 0, 0, 0, 0, 2, 2, 0, 0, 0, 0, 0, 0, 0, 0, 0, 0, 0, 0, 0, 0, 0, 0, 0, 0, 0, 0, 0, 0, 0, 10, 10, 10, 10, 10, 10, 10, 10, 10, 10, 10, 12, 12, 12, 12, 12, 36, 26, 26, 26, 26]","[np.float64(1.5294764518737793), np.float64(1.288515454530716), np.float64(1.1007114946842194), np.float64(0.9675491541624069), np.float64(0.8852775722742081), np.float64(0.8161625385284423), np.float64(0.7646549761295318), np.float64(0.7176596567034721), np.float64(0.6738619387149811), np.float64(0.6331007152795791), np.float64(0.5951665341854095), np.float64(0.5600925639271737), np.float64(0.5277466483414173), np.float64(0.4978845477104187), np.float64(0.47056022211909293), np.float64(0.4454070679843426), np.float64(0.42255273684859274), np.float64(0.40159640088677406), np.float64(0.38256578519940376), np.float64(0.3652204729616642), np.float64(0.3494576446712017), np.float64(0.3351225070655346), np.float64(0.3223277688026428), np.float64(0.3109556265175343), np.float64(0.3007839612662792), np.float64(0.29173540994524955), np.float64(0.2837079238146544), np.float64(0.27652285397052767), np.float64(0.2700288001447916), np.float64(0.26425959132611754), np.float64(0.25904240533709527), np.float64(0.2542748998850584), np.float64(0.249767941609025), np.float64(0.24556424990296363), np.float64(0.2415246531367302), np.float64(0.2374560557305813), np.float64(0.23281511515378953), np.float64(0.22806989774107933), np.float64(0.22383856996893883), np.float64(0.21965245380997658), np.float64(0.21532950550317764), np.float64(0.2109791614115238), np.float64(0.20661230385303497), np.float64(0.2023349080234766), np.float64(0.19819451160728932), np.float64(0.19439413473010064), np.float64(0.19089358039200305), np.float64(0.18781398385763168), np.float64(0.185148960724473), np.float64(0.18283063992857934), np.float64(0.18085356540977954), np.float64(0.1791542086750269), np.float64(0.17772361002862452), np.float64(0.17643758952617644), np.float64(0.17533363476395608), np.float64(0.17435121014714242), np.float64(0.17345577478408813), np.float64(0.17263624183833598), np.float64(0.17187344133853913), np.float64(0.17113733291625977), np.float64(0.17046308144927025), np.float64(0.16977378763258458), np.float64(0.1690914485603571), np.float64(0.16844166480004788), np.float64(0.16773978881537915), np.float64(0.16705943010747432), np.float64(0.16631607227027417), np.float64(0.1655509952455759), np.float64(0.16479262560606003), np.float64(0.1641362775117159), np.float64(0.16351951770484446), np.float64(0.16290559358894824), np.float64(0.162251365929842), np.float64(0.16160428263247012), np.float64(0.16091438010334969), np.float64(0.16019738465547562), np.float64(0.15947853550314903), np.float64(0.1587284829467535), np.float64(0.15794857293367387), np.float64(0.15713980421423912), np.float64(0.15629298239946365), np.float64(0.15544098373502493), np.float64(0.15453029833734036), np.float64(0.15358430482447147), np.float64(0.15262107364833355), np.float64(0.15160112157464029), np.float64(0.15053925216197966), np.float64(0.1494713442400098), np.float64(0.14830625634640454), np.float64(0.14713347256183623), np.float64(0.14591435343027115), np.float64(0.14464798737317325), np.float64(0.14331117309629918), np.float64(0.1419427877292037), np.float64(0.140539962798357), np.float64(0.13905379995703698), np.float64(0.1375357136130333), np.float64(0.13594558220356703), np.float64(0.1343319533392787), np.float64(0.13262216728180648), np.float64(0.13089222572743892), np.float64(0.1290742265060544), np.float64(0.12721523288637399), np.float64(0.1252733377739787), np.float64(0.12331200391054153), np.float64(0.12125016208738089), np.float64(0.11916938815265894), np.float64(0.11697651091963053), np.float64(0.114770944789052), np.float64(0.11247588992118836), np.float64(0.11013997346162796), np.float64(0.10772323869168758), np.float64(0.09628031952306629), np.float64(0.03552648033946752), np.float64(0.01989929541014135), np.float64(0.01190847537945956), np.float64(0.00720984636573121)]","[1.4645678997039795, 1.2486743927001953, 1.0789453983306885, 0.980629563331604, 0.9062458276748657, 0.8467463850975037, 0.7955984473228455, 0.7478799223899841, 0.703065812587738, 0.6611523628234863, 0.6223954558372498, 0.586399495601654, 0.5529476404190063, 0.5222365856170654, 0.49374690651893616, 0.46791696548461914, 0.44389382004737854, 0.4220239818096161, 0.4019259512424469, 0.38358697295188904, 0.36684948205947876, 0.3516373932361603, 0.3379562795162201, 0.32568371295928955, 0.31478777527809143, 0.3049616515636444, 0.2959368824958801, 0.287921279668808, 0.2808636426925659, 0.27441737055778503, 0.2684269845485687, 0.26287633180618286, 0.2578985393047333, 0.2531649172306061, 0.24850307404994965, 0.24376559257507324, 0.23820653557777405, 0.23318727314472198, 0.22884881496429443, 0.224282369017601, 0.21980182826519012, 0.21517346799373627, 0.21072284877300262, 0.20629115402698517, 0.20223359763622284, 0.19847646355628967, 0.1949281543493271, 0.19185666739940643, 0.18908162415027618, 0.1866283416748047, 0.18448159098625183, 0.18259814381599426, 0.18093065917491913, 0.17952938377857208, 0.17818205058574677, 0.17699654400348663, 0.17587678134441376, 0.1748921126127243, 0.17391760647296906, 0.1731152981519699, 0.17225101590156555, 0.17145852744579315, 0.17060552537441254, 0.1698341965675354, 0.168954998254776, 0.16817544400691986, 0.16737574338912964, 0.16653475165367126, 0.1657007932662964, 0.16504447162151337, 0.16437330842018127, 0.16368038952350616, 0.16301243007183075, 0.16234542429447174, 0.16156534850597382, 0.16079731285572052, 0.1600428819656372, 0.15927867591381073, 0.1584942787885666, 0.15759247541427612, 0.15670280158519745, 0.15581963956356049, 0.1548405885696411, 0.15393280982971191, 0.15286140143871307, 0.1518421620130539, 0.15075206756591797, 0.14957669377326965, 0.14845316112041473, 0.14720574021339417, 0.1459837406873703, 0.14466947317123413, 0.14331549406051636, 0.14188873767852783, 0.14046429097652435, 0.13892917335033417, 0.1374129205942154, 0.13578899204730988, 0.1341477781534195, 0.13240645825862885, 0.13056135177612305, 0.12877610325813293, 0.12684115767478943, 0.12490943819284439, 0.12287928909063339, 0.12077958881855011, 0.11862514168024063, 0.11638646572828293, 0.11417722702026367, 0.11187014728784561, 0.10948418825864792, 0.10703680664300919, 0.060269664973020554, 0.027285045012831688, 0.01638607867062092, 0.0098926005885005, 0.0059642428532242775]"
21,XOR,1,3,22,[72],0.01,0.001,2,,0.0,0.0,0.0,"[1, 2, 3, 4, 5, 6, 7, 8, 9, 10, 11, 12, 13, 14, 15, 16, 17, 18, 19, 20, 21, 22, 23, 24, 25, 26, 27]","[[0], [0], [0], [0], [0], [0], [0], [0], [0], [2], [4], [4], [6], [12], [18], [26], [32], [40], [44], [44], [44], [46], [44], [47], [56], [74], [72]]","[[0.0], [0.0], [0.0], [0.0], [0.0], [0.0], [0.0], [0.0], [0.0], [np.float64(0.16666666666666666)], [np.float64(0.16666666666666666)], [np.float64(0.16666666666666666)], [np.float64(0.16666666666666666)], [np.float64(0.16666666666666666)], [np.float64(0.16666666666666663)], [np.float64(0.16666666666666669)], [np.float64(0.16666666666666666)], [np.float64(0.16666666666666666)], [np.float64(0.16666666666666669)], [np.float64(0.16666666666666669)], [np.float64(0.16666666666666669)], [np.float64(0.16666666666666669)], [np.float64(0.16666666666666669)], [np.float64(0.17730496453900707)], [np.float64(0.17559523809523808)], [np.float64(0.1734234234234234)], [np.float64(0.1736111111111111)]]","[0, 0, 0, 0, 0, 0, 0, 0, 0, 2, 4, 4, 6, 12, 18, 26, 32, 40, 44, 44, 44, 46, 44, 47, 56, 74, 72]","[np.float64(0.8664645940065384), np.float64(0.6886212930083275), np.float64(0.5288176916539669), np.float64(0.3969950646162033), np.float64(0.2892790883779526), np.float64(0.24244920536875725), np.float64(0.22633476071059705), np.float64(0.2158717293292284), np.float64(0.20654409490525721), np.float64(0.19730099178850652), np.float64(0.18794497549533845), np.float64(0.17816581316292285), np.float64(0.1681146662682295), np.float64(0.15751807503402232), np.float64(0.14582374207675458), np.float64(0.1328066300600767), np.float64(0.11860898174345494), np.float64(0.10300209261476993), np.float64(0.08440445382148028), np.float64(0.06817760318517685), np.float64(0.05316845327615738), np.float64(0.03968777502886951), np.float64(0.02810221565887332), np.float64(0.02039626962505281), np.float64(0.015546463220380247), np.float64(0.01186946565285325), np.float64(0.0089412109577097)]","[0.8592268824577332, 0.6848538517951965, 0.5284760594367981, 0.3895582854747772, 0.28549984097480774, 0.24530716240406036, 0.22595813870429993, 0.21362654864788055, 0.20121482014656067, 0.19012628495693207, 0.17894180119037628, 0.1674017757177353, 0.15578611195087433, 0.14427796006202698, 0.13198935985565186, 0.11960585415363312, 0.10468935966491699, 0.08872194588184357, 0.07025295495986938, 0.05484047159552574, 0.041538115590810776, 0.029886538162827492, 0.020583344623446465, 0.014639806933701038, 0.01096434611827135, 0.008225466124713421, 0.006073429714888334]"
22,XOR,1,3,23,[26],0.01,0.001,2,,0.0,0.0,0.0,"[1, 2, 3, 4, 5, 6, 7, 8, 9, 10, 11, 12, 13, 14, 15, 16, 17, 18, 19, 20, 21, 22, 23, 24, 25, 26, 27, 28, 29, 30, 31, 32, 33, 34, 35, 36, 37, 38, 39, 40, 41, 42, 43, 44, 45, 46, 47, 48, 49, 50, 51, 52, 53, 54, 55, 56, 57, 58, 59, 60, 61, 62, 63, 64]","[[0], [0], [0], [0], [0], [0], [0], [0], [0], [0], [0], [0], [0], [0], [0], [0], [0], [0], [0], [0], [0], [0], [0], [0], [0], [0], [0], [0], [0], [0], [0], [0], [0], [0], [0], [0], [0], [0], [0], [0], [0], [0], [0], [0], [0], [0], [0], [0], [0], [0], [0], [26], [26], [26], [26], [26], [26], [26], [26], [26], [26], [26], [26], [26]]","[[0.0], [0.0], [0.0], [0.0], [0.0], [0.0], [0.0], [0.0], [0.0], [0.0], [0.0], [0.0], [0.0], [0.0], [0.0], [0.0], [0.0], [0.0], [0.0], [0.0], [0.0], [0.0], [0.0], [0.0], [0.0], [0.0], [0.0], [0.0], [0.0], [0.0], [0.0], [0.0], [0.0], [0.0], [0.0], [0.0], [0.0], [0.0], [0.0], [0.0], [0.0], [0.0], [0.0], [0.0], [0.0], [0.0], [0.0], [0.0], [0.0], [0.0], [0.0], [np.float64(0.1794871794871795)], [np.float64(0.1794871794871795)], [np.float64(0.1794871794871795)], [np.float64(0.1794871794871795)], [np.float64(0.1794871794871795)], [np.float64(0.1794871794871795)], [np.float64(0.1794871794871795)], [np.float64(0.1794871794871795)], [np.float64(0.1794871794871795)], [np.float64(0.1794871794871795)], [np.float64(0.1794871794871795)], [np.float64(0.1794871794871795)], [np.float64(0.1794871794871795)]]","[0, 0, 0, 0, 0, 0, 0, 0, 0, 0, 0, 0, 0, 0, 0, 0, 0, 0, 0, 0, 0, 0, 0, 0, 0, 0, 0, 0, 0, 0, 0, 0, 0, 0, 0, 0, 0, 0, 0, 0, 0, 0, 0, 0, 0, 0, 0, 0, 0, 0, 0, 26, 26, 26, 26, 26, 26, 26, 26, 26, 26, 26, 26, 26]","[np.float64(0.4302441902458668), np.float64(0.39579456597566604), np.float64(0.36755950897932055), np.float64(0.3426291473209858), np.float64(0.3205624260008335), np.float64(0.301003959774971), np.float64(0.2843109957873821), np.float64(0.2691905401647091), np.float64(0.25578564442694185), np.float64(0.24367595575749873), np.float64(0.23276923187077045), np.float64(0.22290536835789682), np.float64(0.2140077691525221), np.float64(0.2061499126255512), np.float64(0.19924857169389726), np.float64(0.1932168271392584), np.float64(0.1880629826337099), np.float64(0.1836564362049103), np.float64(0.17991145886480808), np.float64(0.17679073549807073), np.float64(0.17419543191790582), np.float64(0.17199692465364932), np.float64(0.1701825439929962), np.float64(0.16857655048370362), np.float64(0.16719763949513436), np.float64(0.16594903729856014), np.float64(0.16479790918529033), np.float64(0.16371088437736034), np.float64(0.16267850659787655), np.float64(0.16165210045874118), np.float64(0.16062085833400488), np.float64(0.15956266447901726), np.float64(0.1584642708301544), np.float64(0.1573414545506239), np.float64(0.1562133703380823), np.float64(0.1549999389797449), np.float64(0.15373864434659482), np.float64(0.15243571177124976), np.float64(0.1511208400130272), np.float64(0.14976726192981005), np.float64(0.14840534888207912), np.float64(0.14699093922972678), np.float64(0.1455644156783819), np.float64(0.14421872291713952), np.float64(0.1428112117573619), np.float64(0.1414652705192566), np.float64(0.14012986477464437), np.float64(0.1388552039861679), np.float64(0.13764831013977527), np.float64(0.13648752886801957), np.float64(0.1353754483163357), np.float64(0.1155081395059824), np.float64(0.04947027191519737), np.float64(0.03554123691283166), np.float64(0.028075374942272902), np.float64(0.023332159593701364), np.float64(0.02008786911610514), np.float64(0.017739981110207737), np.float64(0.015787988202646375), np.float64(0.014125844719819725), np.float64(0.01270745147485286), np.float64(0.011475052102468908), np.float64(0.010373101627919823), np.float64(0.009412956552114337)]","[0.3127351999282837, 0.2917960286140442, 0.27397772669792175, 0.2588392198085785, 0.2456677407026291, 0.23527415096759796, 0.2261791080236435, 0.21843843162059784, 0.21168337762355804, 0.20577262341976166, 0.20059359073638916, 0.1960502713918686, 0.1922820657491684, 0.1891619712114334, 0.18675321340560913, 0.1849840134382248, 0.18371786177158356, 0.18300460278987885, 0.18261198699474335, 0.18266163766384125, 0.18293146789073944, 0.18320058286190033, 0.18361301720142365, 0.18411430716514587, 0.18438127636909485, 0.18460872769355774, 0.1847730278968811, 0.18471162021160126, 0.1845555603504181, 0.18442706763744354, 0.18401850759983063, 0.18330247700214386, 0.18272435665130615, 0.1818009465932846, 0.18068625032901764, 0.17970919609069824, 0.17842240631580353, 0.17692218720912933, 0.1757994294166565, 0.1742900311946869, 0.17267565429210663, 0.1709800660610199, 0.1693827360868454, 0.16755996644496918, 0.16587166488170624, 0.1643802970647812, 0.1622425764799118, 0.16091983020305634, 0.15895012021064758, 0.1573992222547531, 0.1559014767408371, 0.06390466541051865, 0.03314788267016411, 0.02546900510787964, 0.020674070343375206, 0.01760224625468254, 0.01539384014904499, 0.013569692149758339, 0.012017948552966118, 0.010837957262992859, 0.009687979705631733, 0.008747379295527935, 0.007893986999988556, 0.007145012263208628]"
23,XOR,1,3,24,[83],0.01,0.001,2,,0.0,0.0,0.0,"[1, 2, 3, 4, 5, 6, 7, 8, 9, 10, 11, 12, 13, 14, 15, 16, 17, 18, 19, 20, 21, 22, 23, 24, 25, 26, 27, 28, 29, 30, 31, 32, 33, 34, 35, 36, 37, 38, 39]","[[0], [0], [0], [0], [0], [0], [0], [0], [0], [0], [0], [0], [0], [0], [0], [0], [0], [0], [0], [0], [0], [0], [0], [0], [0], [0], [0], [0], [0], [0], [103], [107], [107], [89], [83], [83], [83], [83], [83]]","[[0.0], [0.0], [0.0], [0.0], [0.0], [0.0], [0.0], [0.0], [0.0], [0.0], [0.0], [0.0], [0.0], [0.0], [0.0], [0.0], [0.0], [0.0], [0.0], [0.0], [0.0], [0.0], [0.0], [0.0], [0.0], [0.0], [0.0], [0.0], [0.0], [0.0], [np.float64(0.18770226537216833)], [np.float64(0.18691588785046728)], [np.float64(0.18691588785046728)], [np.float64(0.18726591760299627)], [np.float64(0.18875502008032127)], [np.float64(0.18875502008032127)], [np.float64(0.18875502008032127)], [np.float64(0.18875502008032127)], [np.float64(0.18875502008032127)]]","[0, 0, 0, 0, 0, 0, 0, 0, 0, 0, 0, 0, 0, 0, 0, 0, 0, 0, 0, 0, 0, 0, 0, 0, 0, 0, 0, 0, 0, 0, 103, 107, 107, 89, 83, 83, 83, 83, 83]","[np.float64(0.313312366232276), np.float64(0.2766406524926424), np.float64(0.24945731461048126), np.float64(0.23066952228546142), np.float64(0.21612914502620698), np.float64(0.19982507787644863), np.float64(0.1867531381547451), np.float64(0.1791044969111681), np.float64(0.1750585302710533), np.float64(0.17289582565426825), np.float64(0.1717165347188711), np.float64(0.1710241585969925), np.float64(0.17055257707834243), np.float64(0.17019434347748758), np.float64(0.16992600560188292), np.float64(0.1697163239121437), np.float64(0.16953046731650828), np.float64(0.16935299187898636), np.float64(0.16916488520801068), np.float64(0.16897512674331666), np.float64(0.16872405223548412), np.float64(0.16845467686653137), np.float64(0.16812192611396312), np.float64(0.15360159277915955), np.float64(0.13339250944554806), np.float64(0.12857462242245674), np.float64(0.12562848795205356), np.float64(0.12364201825112105), np.float64(0.1223028514534235), np.float64(0.12128883879631758), np.float64(0.07976490380242467), np.float64(0.051668082270771264), np.float64(0.04016440776176751), np.float64(0.03097330527380109), np.float64(0.023907662741839884), np.float64(0.0184458012226969), np.float64(0.014181461883708835), np.float64(0.010886349866632372), np.float64(0.008333822211716324)]","[0.2997714579105377, 0.2743367850780487, 0.25763821601867676, 0.24502401053905487, 0.23157627880573273, 0.21711893379688263, 0.2097080796957016, 0.20565620064735413, 0.20365123450756073, 0.2028062790632248, 0.202532559633255, 0.20252656936645508, 0.20246772468090057, 0.20262575149536133, 0.20275454223155975, 0.20279188454151154, 0.20295333862304688, 0.2029207944869995, 0.2027542144060135, 0.2027505487203598, 0.2024214267730713, 0.20225365459918976, 0.20182207226753235, 0.17040251195430756, 0.16107499599456787, 0.15536928176879883, 0.15109124779701233, 0.1480964869260788, 0.1458430141210556, 0.14417099952697754, 0.07532380521297455, 0.05889089033007622, 0.04554715007543564, 0.03519560769200325, 0.02716316096484661, 0.020894039422273636, 0.01609129272401333, 0.01233123429119587, 0.009365610778331757]"
